X,Y,Class,Drink,Rank,Amount,Quantity,Index
11.180903,-2.8373928,A,Coke,8,199.34283060224652,606,0
9.8866,-3.6567657,A,Coke,8,72.34713976576307,571,1
11.486501,-7.1061134,A,Coke,8,-122.37602360938408,966,2
11.678419,-3.6909163,A,Coke,8,163.7804369378767,714,3
12.997828,-2.223351,A,Coke,8,415.8425631014783,649,4
13.308201,-3.7342353,A,Coke,8,253.48694583058176,808,5
10.814536,-5.709578,A,Coke,8,-16.175626804702986,776,6
9.906565,-4.7780676,A,Coke,8,-5.03396143562955,660,7
11.739752,-3.991379,A,Coke,8,148.39245431320683,735,8
10.106035,-6.9855556,A,Coke,8,-282.65604893155955,844,9
12.164892,-2.7462697,A,Coke,8,263.28901619026544,669,10
11.1084,-7.2473607,A,Coke,8,-204.7751995231722,975,11
12.982776,-4.9854107,A,Coke,8,144.4157803129486,863,12
9.113553,-4.779951,A,Coke,8,-53.59530038861544,554,13
13.24303,-5.907801,A,Coke,8,95.10896450118685,984,14
12.673893,-4.3478866,A,Coke,8,171.11026342448645,806,15
10.8431835,-5.6076074,A,Coke,8,-5.024570226001828,773,16
14.31774,-2.983797,A,Coke,8,482.5542542718414,887,17
11.74869,-4.4961386,A,Coke,8,119.02515686342728,764,18
13.452922,-4.146588,A,Coke,8,232.9308685499704,845,19
13.124356,-4.8795986,A,Coke,8,158.20680025243644,866,20
11.985047,-6.671377,A,Coke,8,-27.111948054927865,943,21
13.033176,-5.729244,A,Coke,8,97.30055505241322,930,22
8.902511,-5.2317333,A,Coke,8,-111.54218579118006,534,23
12.098305,-5.7530375,A,Coke,8,54.1099092336087,859,24
13.419063,-4.836819,A,Coke,8,177.86978265122465,887,25
10.66539,-3.2241445,A,Coke,8,141.77271900095107,605,26
9.560798,-6.679164,A,Coke,8,-291.9340247759551,759,27
12.383233,-4.564053,A,Coke,8,143.7276632107725,803,28
13.136605,-3.3186307,A,Coke,8,276.3522077897221,770,29
10.858632,-4.423161,A,Coke,8,76.8703435223519,707,30
10.822987,-4.984017,A,Coke,8,39.77926088214224,736,31
13.969671,-4.3614397,A,Coke,8,254.74008336673637,909,32
10.335516,-5.217587,A,Coke,8,-7.6283323325919525,716,33
10.605312,-2.819172,A,Coke,8,168.72365791369228,540,34
9.144642,-6.2234807,A,Coke,8,-252.6080310725468,656,35
11.7097,-2.9683125,A,Coke,8,216.42455894260783,662,36
14.114437,-4.2249727,A,Coke,8,277.54969191867144,918,37
9.439017,-5.106301,A,Coke,8,-67.84350464452771,634,38
10.513093,-4.7229495,A,Coke,8,38.15752482975709,700,39
8.877991,-5.7398014,A,Coke,8,-201.63065790949656,547,40
14.1913595,-3.8489308,A,Coke,8,319.9293951569641,906,41
12.766614,-2.467505,A,Coke,8,342.43446842662513,671,42
14.02213,-3.4613016,A,Coke,8,346.6993609086114,859,43
12.044291,-3.5575998,A,Coke,8,191.57701540000303,726,44
8.992946,-5.9987407,A,Coke,8,-236.85747567317628,600,45
11.413317,-6.807084,A,Coke,8,-86.75256818240999,897,46
13.680686,-4.041196,A,Coke,8,256.8416375307877,858,47
10.571935,-4.2831635,A,Coke,8,69.89322834804346,678,48
9.017043,-5.130164,A,Coke,8,-93.11153437899495,562,49
10.137187,-3.5997777,A,Coke,8,88.03654726766617,595,50
14.011082,-3.9422035,A,Coke,8,292.234753283671,887,51
10.951292,-4.8433933,A,Coke,8,56.06562243249761,736,52
11.165274,-3.1832237,A,Coke,8,171.42251430234927,642,53
9.651599,-5.1619897,A,Coke,8,-57.851665739584035,659,54
13.41276,-3.8937383,A,Coke,8,248.74225675424535,826,55
9.127578,-4.868504,A,Coke,8,-61.698720578637534,565,56
10.007693,-4.8131223,A,Coke,8,-0.351408716907315,669,57
11.35728,-2.9383602,A,Coke,8,200.28966630496103,633,58
13.524121,-3.1065292,A,Coke,8,331.63733058640554,783,59
10.954003,-5.6993527,A,Coke,8,-5.952040753407758,785,60
13.877475,-4.9217377,A,Coke,8,202.6534866226712,945,61
14.01882,-3.2567468,A,Coke,8,374.3724267099553,847,62
13.543773,-5.558599,A,Coke,8,135.11065879096654,972,63
11.544527,-6.472118,A,Coke,8,-40.41061877547048,876,64
11.204906,-5.3772864,A,Coke,8,34.46757068044636,782,65
13.244095,-2.716684,A,Coke,8,354.7467240279112,732,66
11.032484,-5.1399474,A,Coke,8,41.609465834875984,758,67
10.509086,-3.7207394,A,Coke,8,101.02269132849217,636,68
11.670206,-5.472982,A,Coke,8,53.08257332497062,817,69
10.153848,-4.654627,A,Coke,8,20.896709683941353,671,70
10.13165,-4.3353577,A,Coke,8,42.172628706011594,651,71
9.95879,-3.8020265,A,Coke,8,67.74285766679817,595,72
13.84453,-5.1948714,A,Coke,8,180.81017136290768,971,73
11.741689,-7.06697,A,Coke,8,-88.61136169345247,996,74
14.4360285,-3.623452,A,Coke,8,380.7917477318587,941,75
9.034762,-6.1801114,A,Coke,8,-283.7542430598083,612,76
13.055905,-5.7818794,A,Coke,8,94.69722491015662,939,77
10.631609,-3.5142639,A,Coke,8,120.46953650993336,629,78
10.488472,-5.0830874,A,Coke,8,13.478143890397348,719,79
10.109871,-4.0338535,A,Coke,8,61.527807043775496,629,80
10.572952,-2.9061487,A,Coke,8,160.30946846672248,552,81
13.531296,-5.0728555,A,Coke,8,167.96419283732877,915,82
11.388435,-4.5379715,A,Coke,8,98.5239700110854,746,83
12.424701,-2.3346593,A,Coke,8,328.5645629030041,622,84
13.898663,-4.3464203,A,Coke,8,250.38660653735482,900,85
11.398985,-6.559889,A,Coke,8,-60.36556866993877,871,86
12.627086,-2.1493807,A,Coke,8,376.80314378653566,597,87
12.399373,-3.4707289,A,Coke,8,217.37141876005404,739,88
13.289829,-2.059374,A,Coke,8,538.0911251619957,643,89
11.3742485,-5.92033,A,Coke,8,1.313503559334677,825,90
14.301968,-4.365704,A,Coke,8,284.6325216683906,963,91
13.302209,-5.579249,A,Coke,8,119.93027301752824,942,92
12.079183,-6.430334,A,Coke,8,-0.6951308232398361,919,93
10.5902405,-3.7810378,A,Coke,8,101.82886914802748,646,94
9.987091,-4.432067,A,Coke,8,26.89214063349145,647,95
11.370669,-6.968321,A,Coke,8,-112.46074274522098,916,96
13.73538,-4.888805,A,Coke,8,194.71848612703633,923,97
11.547112,-2.7667208,A,Coke,8,224.10964319234705,628,98
11.317785,-4.977355,A,Coke,8,67.81252462738732,766,99
33.79225,-16.062819,B,Pepsi,7,192.16746707663762,650,100
24.824266,-25.267141,B,Pepsi,7,196.77938483794324,914,101
30.288849,-19.74554,B,Pepsi,7,196.43254974231806,751,102
34.353264,-15.9283905,B,Pepsi,7,205.56121798533965,643,103
36.632015,-13.013693,B,Pepsi,7,202.2745993460413,559,104
26.75892,-24.002226,B,Pepsi,7,213.07142754282427,868,105
34.197075,-15.507538,B,Pepsi,7,196.75509042171106,639,106
23.955067,-26.42165,B,Pepsi,7,197.94133282904494,952,107
37.543022,-12.039831,B,Pepsi,7,202.59882794248423,508,108
31.041826,-19.400715,B,Pepsi,7,207.8182287177731,732,109
34.907078,-15.471078,B,Pepsi,7,212.99396814264486,630,110
25.044939,-24.78409,B,Pepsi,7,191.32853843950446,903,111
25.282291,-25.264826,B,Pepsi,7,202.50492850345876,907,112
35.150616,-14.767148,B,Pepsi,7,203.46448209496975,615,113
31.10027,-19.10133,B,Pepsi,7,202.26288269498875,726,114
35.420975,-14.753504,B,Pepsi,7,208.47401432576638,611,115
27.142874,-23.129128,B,Pepsi,7,202.93072473298682,848,116
25.147882,-24.7439,B,Pepsi,7,192.85648581973632,901,117
28.547335,-21.671955,B,Pepsi,7,201.74833011991473,809,118
33.30476,-16.312841,B,Pepsi,7,187.8314510764076,662,119
33.386906,-16.272236,B,Pepsi,7,188.08696502797352,660,120
36.524338,-13.266498,B,Pepsi,7,206.56553608633828,567,121
25.08694,-24.82642,B,Pepsi,7,192.48820575336072,903,122
25.64876,-24.003906,B,Pepsi,7,188.6957194687947,883,123
34.87528,-15.27925,B,Pepsi,7,208.67229498976445,627,124
37.377174,-12.660548,B,Pepsi,7,209.584138362133,532,125
23.825377,-26.906523,B,Pepsi,7,206.3424029626429,969,126
26.936666,-24.462759,B,Pepsi,7,230.61095214378258,874,127
31.06167,-19.251894,B,Pepsi,7,205.39609201583664,729,128
26.197247,-23.353487,B,Pepsi,7,185.0170436262807,864,129
37.4588,-12.538856,B,Pepsi,7,209.10512218494668,526,130
31.00211,-18.958487,B,Pepsi,7,199.7027464231261,725,131
26.825506,-23.924997,B,Pepsi,7,213.0034514799654,866,132
23.754753,-26.049923,B,Pepsi,7,186.56476235932567,947,133
28.770733,-21.399239,B,Pepsi,7,196.26880810349638,803,134
34.21585,-16.078653,B,Pepsi,7,205.0359706414482,646,135
37.678856,-12.408426,B,Pepsi,7,214.79848775198553,516,136
33.15161,-16.863262,B,Pepsi,7,203.9677428127113,671,137
30.71683,-19.107279,B,Pepsi,7,197.7653721467415,732,138
37.228092,-12.677985,B,Pepsi,7,207.14000494092093,536,139
32.700928,-17.182693,B,Pepsi,7,198.7586761111834,680,140
35.915638,-14.150064,B,Pepsi,7,207.4034081794774,594,141
23.435345,-26.602303,B,Pepsi,7,191.53206281931594,970,142
33.300003,-16.184011,B,Pepsi,7,184.85152775314134,660,143
29.450878,-20.585766,B,Pepsi,7,190.7395338078852,780,144
23.277092,-27.04019,B,Pepsi,7,194.87034682364379,989,145
26.769732,-23.492628,B,Pepsi,7,201.73180925851182,859,146
33.040478,-16.925554,B,Pepsi,7,203.85317379728838,673,147
27.351408,-22.848227,B,Pepsi,7,202.30953722945134,841,148
33.78542,-16.057178,B,Pepsi,7,191.91063108609637,650,149
25.986534,-24.408789,B,Pepsi,7,200.58208718446,885,150
23.323662,-26.60015,B,Pepsi,7,188.57029702169376,973,151
28.953642,-21.341223,B,Pepsi,7,208.72447157660454,798,152
30.757822,-19.812038,B,Pepsi,7,210.6619854409774,745,153
30.225655,-19.37452,B,Pepsi,7,186.2233063204291,746,154
36.940163,-12.065275,B,Pepsi,7,190.62174960084877,525,155
37.479717,-12.10363,B,Pepsi,7,203.04449119870853,512,156
28.290348,-21.93479,B,Pepsi,7,202.57207490980107,815,157
33.136913,-16.941883,B,Pepsi,7,205.15047686306048,672,158
37.89282,-12.560298,B,Pepsi,7,238.52731490654722,519,159
25.783978,-25.224913,B,Pepsi,7,213.30881327972085,899,160
34.53602,-15.886078,B,Pepsi,7,209.88202610504112,641,161
35.816345,-13.857278,B,Pepsi,7,196.84730755359655,591,162
27.096098,-23.385035,B,Pepsi,7,207.58969220493267,853,163
27.341053,-22.841389,B,Pepsi,7,201.6502279810934,841,164
36.602325,-12.601771,B,Pepsi,7,191.44071082170632,550,165
35.305363,-15.415283,B,Pepsi,7,223.1465856667351,624,166
33.500515,-15.738323,B,Pepsi,7,181.32734807408252,649,167
32.701706,-17.06925,B,Pepsi,7,195.8546819461011,679,168
33.24254,-16.771008,B,Pepsi,7,200.80198712540815,669,169
24.061308,-26.095783,B,Pepsi,7,195.28068134210565,943,170
35.78372,-14.438547,B,Pepsi,7,210.88950596967365,600,171
23.594841,-27.336243,B,Pepsi,7,215.6038014113288,991,172
35.330486,-14.42122,B,Pepsi,7,201.28551000071081,607,173
26.354183,-23.469666,B,Pepsi,7,192.69633368282862,864,174
23.597132,-27.011635,B,Pepsi,7,202.16458589581976,979,175
28.508692,-21.90681,B,Pepsi,7,223.89035957392463,810,176
24.992245,-25.977797,B,Pepsi,7,218.43413758320534,923,177
33.60549,-15.471154,B,Pepsi,7,179.74857413342392,644,178
34.89883,-14.822973,B,Pepsi,7,201.86454314769426,619,179
24.184755,-25.951706,B,Pepsi,7,195.55501255780817,938,180
26.873781,-22.76317,B,Pepsi,7,183.3086764090947,845,181
23.334208,-27.318108,B,Pepsi,7,205.04987278980457,1000,182
34.835518,-15.3049135,B,Pepsi,7,208.65755194170123,628,183
29.217358,-20.976673,B,Pepsi,7,196.65752908849632,789,184
35.642303,-13.956071,B,Pepsi,7,196.82153093489416,595,185
23.657251,-27.310318,B,Pepsi,7,217.65454240281096,987,186
30.80583,-19.39239,B,Pepsi,7,204.04981710960956,736,187
29.64766,-20.602573,B,Pepsi,7,203.7729626546041,777,188
27.399103,-23.301882,B,Pepsi,7,216.5135098647949,848,189
33.75548,-15.500956,B,Pepsi,7,184.80630034045987,643,190
24.269335,-25.834696,B,Pepsi,7,195.15765927133748,934,191
31.365309,-18.64798,B,Pepsi,7,197.6260803879333,717,192
23.89951,-27.121763,B,Pepsi,7,218.72005680472304,973,193
29.0213,-20.611597,B,Pepsi,7,167.58732659930928,788,194
30.086102,-19.70267,B,Pepsi,7,189.7561235866571,753,195
37.102566,-11.747789,B,Pepsi,7,180.0503842844235,509,196
30.266453,-19.354868,B,Pepsi,7,186.9980715840656,745,197
31.031881,-18.76555,B,Pepsi,7,195.59955513303015,722,198
25.775665,-24.759909,B,Pepsi,7,201.3074057728609,893,199
30.24761,-20.013123,B,Pepsi,7,200.58508902306843,756,200
28.023336,-22.361925,B,Pepsi,7,223.47996928450323,824,201
27.637686,-22.679842,B,Pepsi,7,209.72632866898792,835,202
30.796124,-19.908857,B,Pepsi,7,215.44474838707794,746,203
25.925491,-25.04313,B,Pepsi,7,211.72435782392242,895,204
32.881874,-17.14872,B,Pepsi,7,205.31400010960328,677,205
23.872435,-25.998045,B,Pepsi,7,189.65597643514315,944,206
32.8019,-17.13076,B,Pepsi,7,202.04282942001328,678,207
36.556015,-13.160898,B,Pepsi,7,204.46289348001918,564,208
25.119396,-25.663515,B,Pepsi,7,211.36242317119263,916,209
29.323952,-20.72804,B,Pepsi,7,188.550514799286,784,210
25.780272,-24.98955,B,Pepsi,7,205.91316116927982,896,211
30.207676,-19.739037,B,Pepsi,7,194.54962384652907,752,212
23.056637,-27.050283,B,Pepsi,7,187.32617698487664,998,213
35.666637,-13.591991,B,Pepsi,7,184.56274597308104,589,214
30.15893,-20.314081,B,Pepsi,7,211.1689344020168,763,215
25.156664,-25.76905,B,Pepsi,7,215.54922676636602,917,216
34.819214,-14.416093,B,Pepsi,7,190.18799664762452,614,217
23.152657,-27.17567,B,Pepsi,7,193.77762835093722,1000,218
34.9854,-14.492676,B,Pepsi,7,196.4451135908364,613,219
24.958593,-25.691387,B,Pepsi,7,208.9959987543325,919,220
31.480951,-18.703436,B,Pepsi,7,203.0729952087661,716,221
25.432854,-24.442076,B,Pepsi,7,193.70299142734888,893,222
27.038841,-23.520191,B,Pepsi,7,208.76754649952326,856,223
32.966713,-17.160183,B,Pepsi,7,207.4729360512326,676,224
35.76812,-14.283729,B,Pepsi,7,206.10370265433465,598,225
23.069532,-26.769327,B,Pepsi,7,182.12328388068218,986,226
35.49208,-13.794582,B,Pepsi,7,187.79429895718147,595,227
37.096725,-12.554079,B,Pepsi,7,205.4709738117004,536,228
29.84955,-20.229593,B,Pepsi,7,197.97807347566106,767,229
31.656935,-18.873821,B,Pepsi,7,215.52859775839326,716,230
26.749697,-23.187012,B,Pepsi,7,195.60482124525723,854,231
27.517159,-22.945423,B,Pepsi,7,213.0547880715433,841,232
25.633026,-24.857998,B,Pepsi,7,200.2100384163276,896,233
25.571089,-24.718277,B,Pepsi,7,197.60775202130245,895,234
24.348372,-26.413301,B,Pepsi,7,208.53974711067855,944,235
26.108688,-24.401796,B,Pepsi,7,203.24166352488442,883,236
36.695118,-12.724915,B,Pepsi,7,198.69856945632316,551,237
26.766924,-24.253016,B,Pepsi,7,219.12317639839972,872,238
36.573383,-13.33909,B,Pepsi,7,210.65227082546917,568,239
25.853704,-23.887646,B,Pepsi,7,189.93982618500297,878,240
23.38012,-26.499325,B,Pepsi,7,187.8581138721227,968,241
36.819225,-13.016702,B,Pepsi,7,207.7067832952311,556,242
37.177177,-12.689255,B,Pepsi,7,206.67056103469793,538,243
24.631014,-25.557932,B,Pepsi,7,199.87753227153087,922,244
25.215166,-24.517015,B,Pepsi,7,191.02745628514168,897,245
31.159939,-18.298388,B,Pepsi,7,179.0998225136972,714,246
31.576645,-19.11403,B,Pepsi,7,217.7043151656672,720,247
36.131382,-13.325035,B,Pepsi,7,191.74502803207488,575,248
37.281326,-11.866154,B,Pepsi,7,196.78614158347006,508,249
30.487755,-19.984587,B,Pepsi,7,206.13841341475424,752,250
31.242977,-19.400274,B,Pepsi,7,213.57880788099988,729,251
33.27732,-16.81143,B,Pepsi,7,202.44966571108722,669,252
25.521166,-24.451014,B,Pepsi,7,194.93056824628871,892,253
37.68632,-12.067542,B,Pepsi,7,205.59109202614528,504,254
37.4226,-12.5747,B,Pepsi,7,208.7254159143048,528,255
23.026161,-27.034397,B,Pepsi,7,185.51915658502676,999,256
33.756336,-15.579142,B,Pepsi,7,185.92536225623445,644,257
24.736374,-25.185255,B,Pepsi,7,193.35772556695576,914,258
29.831606,-20.614046,B,Pepsi,7,213.6011136624817,774,259
35.95806,-13.933691,B,Pepsi,7,203.10907565598004,590,260
31.990118,-18.195166,B,Pepsi,7,214.75356216949552,701,261
31.255459,-18.707233,B,Pepsi,7,196.97675757923693,719,262
34.621998,-14.964627,B,Pepsi,7,199.95437171009704,625,263
37.664715,-11.948551,B,Pepsi,7,203.2271856033809,500,264
25.631386,-24.166807,B,Pepsi,7,191.72769056447677,886,265
32.3631,-17.660448,B,Pepsi,7,204.92686483800406,690,266
26.432955,-23.770548,B,Pepsi,7,200.88873006131743,868,267
34.97705,-14.6939,B,Pepsi,7,200.5741294775637,616,268
34.21072,-15.15019,B,Pepsi,7,191.55892267591253,633,269
35.899216,-13.298159,B,Pepsi,7,181.03252779817078,579,270
26.427742,-24.08574,B,Pepsi,7,205.99093325829142,873,271
24.430038,-26.291061,B,Pepsi,7,208.43574022780345,940,272
25.051046,-24.648447,B,Pepsi,7,189.33678521760032,901,273
34.09654,-15.679299,B,Pepsi,7,195.2812247588213,642,274
24.759462,-25.208033,B,Pepsi,7,194.4381885419801,914,275
24.118416,-26.815916,B,Pepsi,7,214.36754672549554,958,276
37.16458,-11.8748255,B,Pepsi,7,192.9830002299217,511,277
26.061659,-23.719843,B,Pepsi,7,191.24438211968038,872,278
37.337124,-11.872499,B,Pepsi,7,197.65151666410694,507,279
34.532093,-15.49507,B,Pepsi,7,204.62724313641118,635,280
32.46306,-17.330292,B,Pepsi,7,189.59149846720103,685,281
26.61599,-23.197708,B,Pepsi,7,192.43093909488405,856,282
36.741684,-12.350715,B,Pepsi,7,191.2492117713188,540,283
24.056164,-26.238892,B,Pepsi,7,196.766272009968,946,284
33.690933,-15.53074,B,Pepsi,7,183.39882579443668,644,285
23.641985,-26.45274,B,Pepsi,7,193.54677790802515,960,286
30.967543,-18.50328,B,Pepsi,7,183.99388990972366,719,287
36.838898,-12.243564,B,Pepsi,7,193.5370050069925,534,288
30.23914,-19.768053,B,Pepsi,7,195.96445043153088,752,289
32.096443,-17.875185,B,Pepsi,7,198.77211250842484,696,290
28.810389,-21.452154,B,Pepsi,7,206.4889324125355,802,291
37.572495,-11.949893,B,Pepsi,7,201.42050091917568,504,292
35.238873,-15.0258,B,Pepsi,7,210.37158464944625,618,293
34.461315,-16.127064,B,Pepsi,7,213.99596647852732,645,294
30.972546,-18.80074,B,Pepsi,7,195.5257197574186,723,295
28.32373,-21.820435,B,Pepsi,7,193.8421415523229,814,296
29.559338,-20.903854,B,Pepsi,7,214.36183468077766,782,297
35.244408,-14.137782,B,Pepsi,7,193.05854046492504,604,298
35.651344,-14.16657,B,Pepsi,7,201.09860073043248,598,299
35.263092,5.6699953,C,Sprite,6,202.1868309227614,696,300
31.81879,5.2388854,C,Sprite,6,195.15624308030698,850,301
37.86934,6.5451927,C,Sprite,6,203.19537578868716,522,302
30.031134,4.3252053,C,Sprite,6,201.93278061849387,984,303
37.12825,6.3107514,C,Sprite,6,209.24152383085536,582,304
36.213005,5.94791,C,Sprite,6,208.12856464238098,644,305
38.2117,6.1985683,C,Sprite,6,192.60381230570647,500,306
37.62676,5.783873,C,Sprite,6,193.5075272166629,550,307
30.315746,4.869276,C,Sprite,6,191.2789623459644,948,308
31.484509,5.155552,C,Sprite,6,193.28976088849305,868,309
33.81596,5.81559,C,Sprite,6,165.21830786363444,758,310
31.434038,4.701093,C,Sprite,6,197.31736938050489,878,311
34.42605,5.44714,C,Sprite,6,209.37072520315178,735,312
31.171936,5.028174,C,Sprite,6,194.30673869451223,888,313
31.020172,4.516082,C,Sprite,6,194.36741388539636,906,314
35.061638,5.453558,C,Sprite,6,225.39257791210892,706,315
37.326485,5.8014035,C,Sprite,6,205.9374217584121,574,316
30.70473,4.239959,C,Sprite,6,212.12815073682685,934,317
34.637737,5.630775,C,Sprite,6,202.33465796480243,725,318
33.106514,5.2461987,C,Sprite,6,208.0265225560743,793,319
32.328102,4.764077,C,Sprite,6,216.105784632233,834,320
32.067017,4.7076406,C,Sprite,6,212.7399339058882,846,321
34.094673,5.4808025,C,Sprite,6,202.51194972219673,748,322
35.863247,5.786287,C,Sprite,6,195.46203335027843,665,323
37.9238,5.9205937,C,Sprite,6,208.660705160428,529,324
34.125793,5.5732107,C,Sprite,6,198.96423900098375,746,325
33.341164,5.148926,C,Sprite,6,219.05907236926993,784,326
31.325241,4.566205,C,Sprite,6,202.27602320930492,887,327
33.55957,5.356346,C,Sprite,6,212.121564332251,772,328
32.060722,5.2766085,C,Sprite,6,198.5595070172548,839,329
37.461082,6.475707,C,Sprite,6,203.84065448939307,552,330
30.314919,4.7865806,C,Sprite,6,199.67305251905907,949,331
34.329597,5.396798,C,Sprite,6,211.2267768479802,739,332
30.184484,4.856082,C,Sprite,6,185.58804239504002,958,333
31.790323,4.698023,C,Sprite,6,203.66598246096848,859,334
31.17056,5.0851827,C,Sprite,6,190.60120213672644,887,335
35.31325,5.6245437,C,Sprite,6,207.47368031611802,694,336
36.06377,5.7773585,C,Sprite,6,197.09307691968957,654,337
36.69683,5.6744943,C,Sprite,6,190.14273953664457,621,338
37.621723,5.812626,C,Sprite,6,205.04046515517845,550,339
30.906954,4.9898505,C,Sprite,6,191.8450092671151,904,340
32.364563,5.345392,C,Sprite,6,194.40974506766142,825,341
32.030384,4.8640013,C,Sprite,6,198.92969640045442,845,342
37.5511,6.529565,C,Sprite,6,189.64757677580627,545,343
32.9212,5.324153,C,Sprite,6,200.57474003024296,800,344
30.77196,5.095913,C,Sprite,6,177.17197509959203,910,345
31.830915,5.2607174,C,Sprite,6,193.00274492007415,849,346
36.822857,6.1890826,C,Sprite,6,202.1397991073422,606,347
36.727055,6.19787,C,Sprite,6,208.5135426460051,612,348
31.73932,5.2106853,C,Sprite,6,193.79636277464448,854,349
36.593494,5.7142735,C,Sprite,6,194.69498852389472,626,350
37.43316,6.433642,C,Sprite,6,194.2418175935532,555,351
30.282196,4.0616875,C,Sprite,6,223.74141743400597,970,352
37.29321,5.7795677,C,Sprite,6,196.89275735382807,577,353
37.98072,6.546451,C,Sprite,6,216.44967713501285,513,354
35.47592,5.737831,C,Sprite,6,197.50963960443622,686,355
36.74762,6.2248473,C,Sprite,6,208.51402092378828,610,356
30.870533,5.003332,C,Sprite,6,190.12064154203458,906,357
30.021057,4.1050653,C,Sprite,6,230.7888080845524,992,358
33.544167,5.355119,C,Sprite,6,211.19574911434577,773,359
37.966885,6.549254,C,Sprite,6,215.23787410193808,514,360
35.352795,5.930428,C,Sprite,6,175.4325294313652,691,361
35.136883,5.7955337,C,Sprite,6,192.43649254715697,701,362
37.811375,5.7894387,C,Sprite,6,185.77746290402325,538,363
30.029217,4.725052,C,Sprite,6,189.3873736705341,973,364
36.614803,5.7049794,C,Sprite,6,193.45626653886984,625,365
37.295185,6.472158,C,Sprite,6,216.87141635072564,566,366
34.493076,5.488998,C,Sprite,6,208.8163975694945,732,367
36.86337,5.7498064,C,Sprite,6,191.26025880514902,610,368
30.246592,4.219061,C,Sprite,6,199.96704079672645,969,369
31.666355,4.5525227,C,Sprite,6,215.23124077269657,868,370
34.40845,5.560042,C,Sprite,6,205.38910043684658,735,371
38.16216,6.2262783,C,Sprite,6,196.11930810202585,505,372
35.61529,5.757084,C,Sprite,6,193.3159803169673,679,373
30.646177,4.2250667,C,Sprite,6,209.26177547531643,939,374
32.735054,4.8972545,C,Sprite,6,219.0941664047013,814,375
33.176994,5.4351206,C,Sprite,6,200.27690931616212,788,376
30.64626,4.346345,C,Sprite,6,201.27365478537155,936,377
32.246075,5.3441176,C,Sprite,6,193.49357430878172,830,378
30.360006,4.8472276,C,Sprite,6,195.12874616235302,945,379
32.68388,5.3637905,C,Sprite,6,191.71416228981263,810,380
36.395035,5.74498,C,Sprite,6,194.54830800668157,636,381
37.782253,5.834719,C,Sprite,6,200.48521627944828,539,382
34.5532,5.7571983,C,Sprite,6,191.69049883588963,728,383
38.154903,6.345992,C,Sprite,6,203.90253268983142,503,384
32.259426,4.9608316,C,Sprite,6,199.15091167504167,834,385
29.950218,4.5473,C,Sprite,6,194.23228669431668,985,386
30.698109,4.2773786,C,Sprite,6,207.55391225825755,934,387
35.12197,5.685188,C,Sprite,6,205.66340130519023,702,388
31.280243,4.487998,C,Sprite,6,208.31818176105264,891,389
36.40143,6.0987744,C,Sprite,6,212.41970598009857,632,390
32.40025,5.230916,C,Sprite,6,199.14236830767166,825,391
36.295433,5.9969106,C,Sprite,6,206.4058200694915,639,392
37.53813,6.515966,C,Sprite,6,191.85215872009704,546,393
37.813553,5.8396497,C,Sprite,6,209.87493005700722,537,394
33.12234,5.278784,C,Sprite,6,207.6420438800191,792,395
32.345615,4.847819,C,Sprite,6,207.64252198609023,832,396
29.940481,4.41292,C,Sprite,6,200.107981648097,990,397
38.16417,6.051021,C,Sprite,6,182.70419906990855,509,398
33.852627,5.3172646,C,Sprite,6,212.41713959652344,760,399
7.2460504,23.138533,D,7Up,5,500.62928092144404,820,400
10.526294,29.328959,D,7Up,5,342.31081304768514,818,401
11.458869,21.269365,D,7Up,5,510.6329104828443,958,402
10.76509,22.78331,D,7Up,5,477.16381493013364,898,403
2.2798002,36.014595,D,7Up,5,152.83554998727107,593,404
2.1551542,33.378517,D,7Up,5,320.31047445295235,594,405
-0.17534834,30.434141,D,7Up,5,416.9729284390374,575,406
14.524847,23.639275,D,7Up,5,408.93939191456496,982,407
12.5126295,24.937677,D,7Up,5,408.65897874729,905,408
-0.14800796,31.606438,D,7Up,5,384.432276460792,559,409
11.231541,26.627874,D,7Up,5,388.0149080634401,860,410
6.2823124,28.922564,D,7Up,5,411.37294602129805,728,411
6.0824933,31.161163,D,7Up,5,351.23937759275066,712,412
4.194652,31.725277,D,7Up,5,356.7441812180379,664,413
11.546119,23.207869,D,7Up,5,454.34831529637773,909,414
-1.0149682,27.775352,D,7Up,5,503.4920927080599,561,415
-0.26764748,27.902935,D,7Up,5,487.1124703431692,588,416
13.277294,26.354187,D,7Up,5,367.39764678321586,901,417
-0.91796845,32.275112,D,7Up,5,374.98773989254886,513,418
6.115005,22.926834,D,7Up,5,530.1052433162299,787,419
1.5070242,35.571453,D,7Up,5,212.92080789741442,522,420
0.21020572,32.188175,D,7Up,5,364.8486515958691,562,421
6.5205517,33.570316,D,7Up,5,241.9748063256473,724,422
14.813434,23.752092,D,7Up,5,401.6053418643931,994,423
0.17986548,27.785683,D,7Up,5,482.9405581183489,603,424
2.348277,35.822033,D,7Up,5,178.8864690992115,603,425
3.4992611,33.221237,D,7Up,5,311.5184058082015,633,426
-0.5358708,30.131527,D,7Up,5,428.6941261224298,566,427
15.750246,28.915762,D,7Up,5,252.14137542201584,947,428
12.026388,21.082354,D,7Up,5,514.375404320693,999,429
13.796162,22.387312,D,7Up,5,450.9378116336106,999,430
11.518324,21.012297,D,7Up,5,524.7327055231724,977,431
-1.0805439,30.78999,D,7Up,5,418.1866255058495,537,432
13.268305,23.63987,D,7Up,5,424.8220586300336,940,433
15.431213,28.192886,D,7Up,5,290.860956270653,938,434
10.091252,30.214571,D,7Up,5,318.2998560739106,788,435
-1.4057205,31.422764,D,7Up,5,407.15662372193924,509,436
-0.69192374,32.897705,D,7Up,5,352.23425532348836,504,437
9.204213,29.211302,D,7Up,5,365.2473266227045,793,438
10.591954,22.652668,D,7Up,5,482.91386845852685,896,439
3.7656074,31.35951,D,7Up,5,373.01250647066286,656,440
3.5652912,33.44117,D,7Up,5,302.12362842176924,635,441
10.613751,28.734325,D,7Up,5,357.25920575505245,831,442
4.553847,31.961632,D,7Up,5,344.73542266529944,672,443
4.2765636,25.379473,D,7Up,5,486.960592010566,742,444
10.285031,21.220274,D,7Up,5,535.5637858804951,919,445
1.8804439,35.193096,D,7Up,5,236.77819205714812,568,446
2.362189,28.365385,D,7Up,5,428.0964320918199,647,447
13.414612,30.949734,D,7Up,5,222.12797510957213,802,448
7.2282815,21.930573,D,7Up,5,549.6044311489184,845,449
14.182763,23.448322,D,7Up,5,418.0530841805431,972,450
8.821508,20.302437,D,7Up,5,664.357158339855,980,451
9.379946,26.960936,D,7Up,5,410.9394794604893,823,452
1.207539,27.446177,D,7Up,5,472.57666238986917,632,453
0.50983936,29.87665,D,7Up,5,421.68610369829383,605,454
13.949682,22.584291,D,7Up,5,444.2116665313473,996,455
-1.1107563,26.362833,D,7Up,5,588.2024496475034,550,456
-1.5211947,27.420736,D,7Up,5,534.5420046154977,528,457
14.469688,26.86406,D,7Up,5,337.2581115622523,919,458
4.8456583,31.677624,D,7Up,5,350.4610757068753,681,459
14.66907,26.106464,D,7Up,5,352.65738072995043,937,460
-1.1371052,28.035255,D,7Up,5,495.1883018028554,554,461
12.219756,22.916504,D,7Up,5,453.77659584069556,930,462
15.8468895,28.598772,D,7Up,5,264.128848543794,956,463
10.955953,29.78304,D,7Up,5,320.3497041342413,812,464
0.70885754,27.940166,D,7Up,5,466.07752317221406,616,465
7.1478553,32.013584,D,7Up,5,308.47586200036346,743,466
-1.3900995,30.68401,D,7Up,5,424.6103682290182,524,467
13.984366,30.274712,D,7Up,5,244.42500241283716,846,468
1.9674616,36.191544,D,7Up,5,121.53643552178994,516,469
7.5251417,30.403759,D,7Up,5,355.6520107514711,750,470
3.6253734,29.080635,D,7Up,5,408.26559594450316,678,471
2.831809,27.47488,D,7Up,5,447.1688105197841,679,472
6.0994625,33.647594,D,7Up,5,247.0235696827192,697,473
4.0439377,32.593258,D,7Up,5,328.16965838292515,653,474
1.710044,26.683966,D,7Up,5,490.5887611490503,655,475
9.8933935,26.70058,D,7Up,5,407.8408922506077,836,476
2.1033428,34.90949,D,7Up,5,251.5298428482928,583,477
6.4815826,21.121876,D,7Up,5,627.6651626398838,841,478
16.153433,28.890274,D,7Up,5,237.06973894457477,975,479
13.33456,30.310492,D,7Up,5,266.03715018062087,826,480
7.212073,28.278336,D,7Up,5,414.88902276522236,756,481
15.146075,27.474407,D,7Up,5,312.91353523536714,934,482
14.659423,29.94792,D,7Up,5,238.80388203499155,878,483
4.065394,32.153496,D,7Up,5,343.2836832064605,657,484
6.255633,23.318188,D,7Up,5,512.8888743046907,784,485
3.695814,34.308075,D,7Up,5,256.6291427538115,643,486
10.219464,21.075287,D,7Up,5,546.5389755519094,923,487
14.536457,30.082111,D,7Up,5,234.92642805514387,870,488
2.4160295,26.893192,D,7Up,5,470.0942261446077,674,489
-0.42035425,25.331865,D,7Up,5,642.9847728653968,612,490
-0.3320994,25.676607,D,7Up,5,594.973259560123,613,491
0.26449427,25.907923,D,7Up,5,559.1717323188157,631,492
11.917836,25.80455,D,7Up,5,398.2076426438146,884,493
3.1770124,32.379246,D,7Up,5,343.2280965224309,630,494
8.775755,28.922163,D,7Up,5,377.8477903315283,787,495
2.3320959,27.546131,D,7Up,5,451.37954135806115,661,496
12.404256,26.731504,D,7Up,5,370.5633338981694,879,497
7.002623,22.657202,D,7Up,5,522.2203346207937,822,498
16.21388,29.540083,D,7Up,5,182.5676435913353,971,499
9.642933,27.127192,D,7Up,5,402.55713364094333,827,500
1.5526528,34.925503,D,7Up,5,258.91494695942174,553,501
-1.1579105,28.466923,D,7Up,5,481.2560596363064,550,502
2.293209,35.456642,D,7Up,5,211.93082307254886,596,503
5.668017,22.24407,D,7Up,5,571.6657776454724,790,504
0.07841747,29.175232,D,7Up,5,444.0968181861269,595,505
8.846844,27.815273,D,7Up,5,401.30005064951257,801,506
14.683321,23.648499,D,7Up,5,406.1568620625451,990,507
9.597193,28.677677,D,7Up,5,372.4190434398008,810,508
15.274899,28.17843,D,7Up,5,294.2468748566658,931,509
2.772598,28.395576,D,7Up,5,423.09439563881637,660,510
3.9508317,32.613655,D,7Up,5,328.40241930737943,650,511
-0.20891592,29.802635,D,7Up,5,433.0319068242616,581,512
-1.8558636,28.618145,D,7Up,5,487.0009907564075,501,513
-1.5743984,30.88759,D,7Up,5,422.7261409134568,510,514
4.089328,25.838715,D,7Up,5,474.7980434061916,733,515
2.4981587,32.132793,D,7Up,5,354.1488152473524,618,516
10.057005,21.960388,D,7Up,5,508.8540277622544,895,517
7.7489624,30.384274,D,7Up,5,352.4469455835651,755,518
3.423485,25.449778,D,7Up,5,501.56869450634844,721,519
8.391493,22.856503,D,7Up,5,494.9716080595938,854,520
15.515241,24.946274,D,7Up,5,363.9012520744102,999,521
-0.5837564,30.626837,D,7Up,5,416.64151487628885,558,522
16.108662,27.388287,D,7Up,5,302.40201917083334,993,523
14.188786,29.800266,D,7Up,5,266.57119844440433,869,524
1.6269552,31.2572,D,7Up,5,387.85533605156604,614,525
10.315476,20.755123,D,7Up,5,570.1429243526171,949,526
6.595853,28.904871,D,7Up,5,408.76994828617364,736,527
12.216804,31.03855,D,7Up,5,264.16522807138483,777,528
6.921947,30.77481,D,7Up,5,353.0561086590454,734,529
0.78011143,34.40459,D,7Up,5,295.55052536001216,528,530
1.5915962,31.558277,D,7Up,5,377.7605280112158,608,531
7.24227,22.861774,D,7Up,5,510.30252667777825,825,532
1.2240536,26.368385,D,7Up,5,515.1425374464732,645,533
-1.3845466,27.322762,D,7Up,5,534.6745978640995,540,534
12.991777,24.40515,D,7Up,5,412.679315968047,921,535
14.994006,24.320896,D,7Up,5,385.13035758877794,985,536
13.117977,28.027817,D,7Up,5,332.0758083286561,877,537
11.286427,28.862175,D,7Up,5,343.86331409043413,841,538
13.8287735,23.111012,D,7Up,5,431.42037329504507,968,539
6.4466257,32.28308,D,7Up,5,310.1200091757536,718,540
4.560687,32.935814,D,7Up,5,309.0366102510028,667,541
7.351528,24.170712,D,7Up,5,471.1622650470823,808,542
15.806541,28.570713,D,7Up,5,266.7255529211715,954,543
11.481277,21.111742,D,7Up,5,518.6178182324121,968,544
14.07995,23.193766,D,7Up,5,425.71381300939714,975,545
2.9016278,31.967043,D,7Up,5,358.12951591935513,629,546
6.410946,22.389795,D,7Up,5,545.4927808325666,809,547
9.13459,29.250362,D,7Up,5,365.1986913703161,791,548
10.891352,25.395193,D,7Up,5,419.85583628962917,870,549
9.828315,29.750795,D,7Up,5,338.8482197008052,795,550
1.0501441,35.0623,D,7Up,5,259.33389031517777,510,551
6.228859,22.760883,D,7Up,5,534.1311919700134,794,552
6.8319974,32.086357,D,7Up,5,311.6222211135731,731,553
2.8095946,33.64615,D,7Up,5,305.06011111680573,610,554
-0.14717294,24.970064,D,7Up,5,663.2382064837391,651,555
8.325387,27.814697,D,7Up,5,409.53208069477193,788,556
6.9246497,28.328571,D,7Up,5,417.9036796548965,749,557
14.996285,26.328749,D,7Up,5,342.4362173762226,945,558
10.824522,25.81726,D,7Up,5,412.20098146453614,864,559
13.217065,23.146597,D,7Up,5,437.4585109450978,949,560
16.201807,27.533207,D,7Up,5,295.1171665918324,1000,561
3.2600138,34.15446,D,7Up,5,273.1978488356932,628,562
6.367298,33.297916,D,7Up,5,267.0854172838484,716,563
-1.5991626,28.791826,D,7Up,5,476.798326969457,524,564
-1.3523122,26.901878,D,7Up,5,560.123822714204,538,565
6.8859954,23.412117,D,7Up,5,498.57227168235636,804,566
15.001406,26.410063,D,7Up,5,340.5535451861778,944,567
13.282929,21.997993,D,7Up,5,466.3737213888021,996,568
6.8106623,23.376394,D,7Up,5,501.01414604286185,802,569
-0.36323714,28.538689,D,7Up,5,469.16206809508674,580,570
3.0985625,24.968435,D,7Up,5,528.6148455106443,714,571
2.9109964,26.176113,D,7Up,5,483.7697438400488,699,572
-1.5563856,27.408783,D,7Up,5,536.7985307442414,524,573
-0.72002167,30.288761,D,7Up,5,426.70503853484536,558,574
11.14687,22.71535,D,7Up,5,473.44528074503006,909,575
8.213573,27.666,D,7Up,5,414.49374147811807,787,576
8.119948,29.911587,D,7Up,5,361.75169825419084,765,577
14.548017,29.375849,D,7Up,5,274.9003669018153,890,578
4.7300763,21.89252,D,7Up,5,660.5977466959519,769,579
10.625382,24.764847,D,7Up,5,435.75262438372204,870,580
4.6730676,32.016247,D,7Up,5,341.2730582233821,675,581
14.968803,24.580427,D,7Up,5,380.3997368757669,976,582
1.9031396,33.92213,D,7Up,5,303.6192489902782,581,583
-0.29959074,26.704817,D,7Up,5,535.6633382183454,602,584
13.560386,31.742262,D,7Up,5,128.7509508152026,772,585
2.6929379,34.378067,D,7Up,5,272.59310150466763,607,586
2.1506805,25.28534,D,7Up,5,541.4040461002768,687,587
2.0097299,26.235888,D,7Up,5,501.8886995222481,670,588
13.4679785,25.017174,D,7Up,5,394.9880824324749,923,589
1.7671108,35.748775,D,7Up,5,191.9982439153099,538,590
0.96380675,34.877625,D,7Up,5,271.58591159100365,514,591
14.134703,23.497639,D,7Up,5,417.5421075300113,969,592
9.98777,21.270391,D,7Up,5,538.8591121444183,908,593
14.552596,23.369553,D,7Up,5,414.52962397410397,992,594
9.905773,20.849733,D,7Up,5,571.3573990822206,925,595
6.5075917,30.167578,D,7Up,5,378.18961016260573,726,596
2.0050464,26.295225,D,7Up,5,499.5857528718494,669,597
1.4767869,32.18501,D,7Up,5,356.2334330197295,595,598
6.5828342,32.95363,D,7Up,5,281.3664904778628,726,599
7.961762,28.54472,D,7Up,5,397.5722720108058,771,600
14.835582,26.34166,D,7Up,5,344.47760008712385,939,601
14.37321,27.119715,D,7Up,5,332.2290994374955,913,602
15.133512,29.471262,D,7Up,5,247.87551254113544,908,603
-0.5879482,30.154177,D,7Up,5,428.6973958453933,564,604
16.25188,29.430202,D,7Up,5,191.47823564345612,977,605
11.553861,25.970497,D,7Up,5,399.11359773436226,875,606
3.6239967,30.895716,D,7Up,5,386.5327245917402,657,607
7.7618656,26.35481,D,7Up,5,445.45634822996556,792,608
1.7914476,27.098215,D,7Up,5,474.40382706491613,652,609
13.3422165,22.783737,D,7Up,5,446.00750102996466,962,610
0.36581227,31.779697,D,7Up,5,375.0268717174865,572,611
14.63113,25.154678,D,7Up,5,375.49303816836635,951,612
3.6903224,33.154293,D,7Up,5,311.6842754903523,639,613
7.4543567,25.545383,D,7Up,5,456.3078873972571,794,614
15.644414,29.098726,D,7Up,5,246.74726580826785,939,615
-0.6148213,30.337595,D,7Up,5,424.34957388079,561,616
7.6668987,23.168667,D,7Up,5,492.80977766161936,832,617
10.769332,27.075638,D,7Up,5,385.08108402412813,848,618
0.6574077,33.158985,D,7Up,5,334.05865885489976,562,619
10.037134,23.810942,D,7Up,5,461.8140595280681,865,620
10.716674,28.98705,D,7Up,5,349.62955193268584,829,621
13.678364,25.270464,D,7Up,5,387.17884739048895,924,622
7.1594095,30.763338,D,7Up,5,349.886003272143,740,623
3.8549452,26.854488,D,7Up,5,451.52728529867653,714,624
2.0132914,25.832808,D,7Up,5,519.4181962551069,676,625
4.429501,22.145283,D,7Up,5,650.1698212860442,740,626
-0.7965672,29.59466,D,7Up,5,446.9620789375504,560,627
9.884434,26.573736,D,7Up,5,410.86688310673503,837,628
1.807901,35.319687,D,7Up,5,229.12323608204207,561,629
7.6300797,20.776447,D,7Up,5,623.5674686984474,880,630
15.886568,26.31615,D,7Up,5,333.40615172046034,994,631
14.12651,24.986382,D,7Up,5,386.69419153289317,939,632
7.1353683,22.845795,D,7Up,5,512.5678784369629,822,633
5.2107053,30.60028,D,7Up,5,381.90092610602767,694,634
15.290834,29.724865,D,7Up,5,223.81362579602614,908,635
11.1338005,23.585918,D,7Up,5,450.6734662486838,894,636
14.33342,25.165697,D,7Up,5,379.92870516627164,942,637
0.7501737,34.185345,D,7Up,5,303.43824001228484,537,638
11.726833,29.666391,D,7Up,5,314.65859602503457,827,639
13.071263,26.081995,D,7Up,5,376.4543277795306,901,640
13.951606,23.955666,D,7Up,5,410.21289208710334,953,641
7.4272184,23.359695,D,7Up,5,490.7494768417256,822,642
-0.5012533,31.051954,D,7Up,5,403.58945497676996,555,643
13.052229,22.564863,D,7Up,5,454.46674443183895,960,644
4.4594746,22.55366,D,7Up,5,601.6887544186916,736,645
9.736426,26.482323,D,7Up,5,415.7361501290296,835,646
1.0199534,25.20577,D,7Up,5,573.1320579909177,667,647
10.191062,29.660225,D,7Up,5,336.2146903270559,803,648
4.3676496,31.790674,D,7Up,5,352.5854418876543,668,649
5.3486786,33.343357,D,7Up,5,283.110373425828,680,650
4.539615,32.494442,D,7Up,5,325.7485649143059,669,651
3.2940347,27.89173,D,7Up,5,431.7805169201884,687,652
-0.3859948,33.29998,D,7Up,5,337.0483451950916,506,653
10.907016,21.705194,D,7Up,5,504.0205928223662,925,654
12.443044,25.838137,D,7Up,5,390.52466264215974,893,655
-0.082901314,32.93909,D,7Up,5,345.8100875611452,538,656
11.491098,22.882374,D,7Up,5,463.8891045936773,914,657
15.354069,27.111397,D,7Up,5,318.9224080107015,949,658
3.621188,25.734377,D,7Up,5,486.2263024796879,723,659
6.739094,30.160425,D,7Up,5,375.17370992148847,732,660
-0.33887497,33.178383,D,7Up,5,340.51097029304344,516,661
14.606435,25.360983,D,7Up,5,371.68909987647464,947,662
12.440526,29.484625,D,7Up,5,311.79726587925717,843,663
14.871618,24.814629,D,7Up,5,377.8802668274201,966,664
12.55415,24.317848,D,7Up,5,418.9720883558058,913,665
14.761288,24.064402,D,7Up,5,395.35796292586,981,666
9.96554,28.705448,D,7Up,5,367.0085264866526,818,667
1.1001182,34.642857,D,7Up,5,281.4579995319689,536,668
15.2980795,25.334589,D,7Up,5,360.1107507746449,976,669
15.604643,25.874939,D,7Up,5,344.4453267186579,983,670
5.2039537,26.728067,D,7Up,5,449.17930553996126,741,671
9.999111,23.21171,D,7Up,5,475.19026180326983,873,672
2.5957167,26.004559,D,7Up,5,497.6899078037066,692,673
7.5549994,30.834648,D,7Up,5,341.3451911478657,750,674
4.2949867,22.770813,D,7Up,5,591.0804588458785,726,675
1.441366,35.38252,D,7Up,5,229.49133307562752,528,676
9.626273,21.409164,D,7Up,5,538.2904434464799,894,677
14.032289,26.41532,D,7Up,5,355.08361912244374,915,678
10.938554,21.41772,D,7Up,5,512.6753191926202,934,679
-1.2342329,31.975918,D,7Up,5,388.70082181319134,503,680
15.905799,28.246534,D,7Up,5,277.50649498110477,964,681
-0.85868675,27.115671,D,7Up,5,529.8659734164336,574,682
11.126114,25.690592,D,7Up,5,410.76798697266054,871,683
-0.2333509,29.314978,D,7Up,5,446.3723857390432,583,684
-1.6060739,29.464056,D,7Up,5,457.7816890881139,521,685
10.101727,24.860655,D,7Up,5,443.08402443337485,856,686
13.34137,23.625399,D,7Up,5,424.33076641283657,942,687
1.8163326,35.49357,D,7Up,5,215.32275655285983,557,688
12.983229,27.60778,D,7Up,5,343.33305874898946,879,689
1.8665446,26.505375,D,7Up,5,494.2166505163829,662,690
7.408116,23.531357,D,7Up,5,486.00963841430695,819,691
7.3772693,26.95163,D,7Up,5,440.27682919930936,773,692
6.3898478,25.186146,D,7Up,5,468.98632497963007,770,693
-0.79227823,25.612955,D,7Up,5,651.5546207874224,559,694
15.557148,29.386593,D,7Up,5,234.35862945248437,929,695
-0.39552435,31.715754,D,7Up,5,384.13445041314134,549,696
16.233604,27.862007,D,7Up,5,281.3358482634952,999,697
10.595625,23.952154,D,7Up,5,451.3835193065546,877,698
12.564777,26.466597,D,7Up,5,374.31896915809665,886,699
6.3023148,30.070606,D,7Up,5,383.83742545375287,721,700
6.1643353,33.38893,D,7Up,5,265.87253289817136,705,701
6.8416033,21.774984,D,7Up,5,563.811274954764,839,702
4.132983,23.544102,D,7Up,5,550.103884000446,727,703
15.689122,28.976759,D,7Up,5,251.32292172996637,943,704
8.910094,26.44838,D,7Up,5,431.6426073049084,818,705
14.526919,29.554968,D,7Up,5,267.3545205546535,885,706
7.659208,22.576933,D,7Up,5,515.458428185937,843,707
4.149814,27.816923,D,7Up,5,429.6458933998559,708,708
-0.005372307,31.143103,D,7Up,5,395.91420664039913,571,709
6.4798713,21.40698,D,7Up,5,596.2822634045458,837,710
12.097653,27.385395,D,7Up,5,361.49397381404935,865,711
-0.21406034,26.977608,D,7Up,5,521.5155008871753,601,712
11.536469,22.471914,D,7Up,5,474.20845885237986,924,713
0.4284398,30.984947,D,7Up,5,397.58230229018704,587,714
0.0063503203,33.02042,D,7Up,5,342.8995280360427,540,715
0.3265231,30.921154,D,7Up,5,399.63974609094316,585,716
2.2978427,34.279163,D,7Up,5,284.1635310807457,591,717
11.782681,23.161036,D,7Up,5,452.48887786639506,915,718
4.5844426,22.771921,D,7Up,5,578.1625090425367,741,719
8.142471,27.428225,D,7Up,5,420.83828079475524,788,720
6.841902,33.89561,D,7Up,5,195.82651315757093,732,721
1.9921973,31.6675,D,7Up,5,373.0813868318611,615,722
3.4019582,30.72379,D,7Up,5,391.3861554516636,653,723
13.304755,29.442122,D,7Up,5,299.83799901050844,858,724
0.96871763,31.77039,D,7Up,5,371.8899707114045,589,725
12.109947,21.338526,D,7Up,5,498.8882737309018,981,726
0.33760035,28.31935,D,7Up,5,462.3309806654604,605,727
9.454539,21.449066,D,7Up,5,539.9355436586002,889,728
-1.7891637,28.43373,D,7Up,5,492.4633682912769,508,729
5.018769,22.479053,D,7Up,5,581.1980124134872,763,730
9.174806,26.076517,D,7Up,5,435.79257286917687,827,731
7.310087,23.466362,D,7Up,5,489.5193220027732,817,732
0.50178134,28.162569,D,7Up,5,463.51718016819694,610,733
9.0512,27.198748,D,7Up,5,411.4533366215464,813,734
-1.6544317,28.282434,D,7Up,5,495.0145470998832,521,735
5.4475713,21.836182,D,7Up,5,607.5260872625265,796,736
5.1223445,32.11727,D,7Up,5,331.0812181910432,687,737
-0.768598,32.602882,D,7Up,5,363.047838317777,511,738
0.04279626,30.186014,D,7Up,5,420.45493960907453,586,739
7.1379223,30.12935,D,7Up,5,370.1696505448553,742,740
-0.30460963,25.420622,D,7Up,5,616.3656499224737,621,741
4.4292393,31.409359,D,7Up,5,364.6573256264004,672,742
15.153382,30.136536,D,7Up,5,197.333787025666,891,743
8.718338,28.794847,D,7Up,5,381.3943494857119,787,744
6.862648,23.240234,D,7Up,5,504.2765175844401,806,745
12.981204,30.473753,D,7Up,5,268.8778989824885,811,746
8.232111,22.280474,D,7Up,5,519.8444952831686,860,747
7.166557,31.796734,D,7Up,5,315.66268454606194,742,748
-0.90729594,31.426443,D,7Up,5,398.645045195254,534,749
5.7977204,31.054556,D,7Up,5,358.7686881265138,706,750
13.94186,30.081831,D,7Up,5,258.8039023455749,852,751
6.053645,30.733877,D,7Up,5,366.3377272678839,712,752
2.518475,28.023243,D,7Up,5,435.17546765937135,658,753
6.4398584,23.212921,D,7Up,5,513.1252790397738,792,754
-1.0015291,32.399895,D,7Up,5,372.52525048255825,503,755
11.688988,21.867575,D,7Up,5,487.37830409601156,943,756
1.7333847,27.054039,D,7Up,5,476.8123835134717,651,757
0.11618121,27.478521,D,7Up,5,495.22934610372096,604,758
8.278435,20.375666,D,7Up,5,694.6212826663225,919,759
6.462277,29.684378,D,7Up,5,391.7149085194108,727,760
0.32728273,32.223564,D,7Up,5,362.6834817786803,565,761
6.2592983,22.805655,D,7Up,5,531.6943563232562,794,762
12.312216,23.252224,D,7Up,5,443.9302757681471,925,763
0.9835235,34.86046,D,7Up,5,272.27795340769165,517,764
1.4491763,35.172173,D,7Up,5,245.12201774877883,539,765
8.9706135,29.818472,D,7Up,5,351.04605563084965,781,766
-1.7851156,29.325693,D,7Up,5,462.25563333425816,507,767
5.8955717,22.223291,D,7Up,5,565.6988469704776,797,768
15.460783,29.252726,D,7Up,5,245.95813281109636,927,769
8.233476,27.266895,D,7Up,5,423.0640910264365,792,770
13.972243,31.208591,D,7Up,5,167.5320727513531,824,771
9.450939,27.929209,D,7Up,5,389.2674004403423,815,772
13.317646,28.133272,D,7Up,5,326.404808079997,880,773
12.586547,21.829082,D,7Up,5,477.16987106483447,972,774
2.2733452,36.18876,D,7Up,5,115.14573793699248,583,775
14.125437,29.419167,D,7Up,5,284.44319518942825,878,776
9.850909,25.716982,D,7Up,5,431.92233421955467,844,777
15.253006,28.895727,D,7Up,5,270.5318524279094,923,778
11.362144,21.182323,D,7Up,5,516.0826787378519,959,779
6.0574036,33.688957,D,7Up,5,244.41013495101046,694,780
2.087508,31.666393,D,7Up,5,372.7604029500191,617,781
7.622168,28.322515,D,7Up,5,407.68218910602553,765,782
13.338072,30.199423,D,7Up,5,271.70077758114303,831,783
8.402992,29.311714,D,7Up,5,374.0749557419774,775,784
5.594173,23.366083,D,7Up,5,523.3686921376036,763,785
-1.0764813,26.86339,D,7Up,5,550.0759790634311,563,786
9.727576,22.917036,D,7Up,5,485.0221742113493,873,787
2.0167,26.685476,D,7Up,5,484.7079009985034,664,788
6.604422,22.864769,D,7Up,5,522.250091488688,804,789
2.3976657,27.97041,D,7Up,5,438.19354522315535,655,790
10.398156,24.56675,D,7Up,5,443.00416471910694,866,791
14.570055,25.481167,D,7Up,5,369.6691538064052,944,792
11.721908,23.80903,D,7Up,5,437.97261869401234,903,793
8.697299,28.29818,D,7Up,5,392.8398740585936,792,794
-1.1382364,31.647596,D,7Up,5,396.2777763490158,519,795
-1.0947641,30.931925,D,7Up,5,414.91772603449357,534,796
5.416916,31.393192,D,7Up,5,352.2319854105793,697,797
-1.5187981,31.022717,D,7Up,5,419.0937750773316,511,798
16.022713,27.155321,D,7Up,5,310.5436767586216,989,799
-10.040077,-26.094387,E,Cappuccino ,4,695.190538727419,251,800
-6.804005,-28.387459,E,Cappuccino ,4,675.4487497427772,299,801
-15.572443,-23.443085,E,Cappuccino ,4,700.6775357276216,184,802
7.5844464,-35.48075,E,Cappuccino ,4,704.0011447464822,495,803
-7.054626,-28.214268,E,Cappuccino ,4,678.7844405861118,294,804
-3.6951475,-29.209991,E,Cappuccino ,4,702.9299352745196,340,805
-3.7973256,-29.462957,E,Cappuccino ,4,692.6731580874238,341,806
-20.75214,-20.870916,E,Cappuccino ,4,705.0542714662482,129,807
-2.760535,-30.131912,E,Cappuccino ,4,692.7920958106356,358,808
-31.390495,-17.510906,E,Cappuccino ,4,704.8389231724188,5,809
6.139047,-34.49467,E,Cappuccino ,4,698.9715583686393,466,810
-19.26321,-21.87891,E,Cappuccino ,4,699.7320565336433,145,811
-1.7752589,-30.430662,E,Cappuccino ,4,701.8377113462304,369,812
-26.529488,-18.899458,E,Cappuccino ,4,701.6676961959652,76,813
5.0647993,-34.008198,E,Cappuccino ,4,701.9828937737186,452,814
-7.256144,-27.383604,E,Cappuccino ,4,697.4039417755052,289,815
-19.420786,-21.374634,E,Cappuccino ,4,706.1802871098362,142,816
-28.550373,-18.329596,E,Cappuccino ,4,701.4103665582256,53,817
4.3810477,-33.974743,E,Cappuccino ,4,708.3918486771631,446,818
-12.229251,-24.068644,E,Cappuccino ,4,718.1537268482691,220,819
-27.690683,-18.455128,E,Cappuccino ,4,703.4242776522127,63,820
-26.999727,-19.604738,E,Cappuccino ,4,688.8837467226127,73,821
-18.083813,-22.51001,E,Cappuccino ,4,696.6549249364325,159,822
7.3387847,-35.318993,E,Cappuccino ,4,702.0619098202933,489,823
-23.611313,-19.937592,E,Cappuccino ,4,703.0239884423822,102,824
7.824865,-34.91881,E,Cappuccino ,4,692.1464685748795,494,825
7.063842,-34.981087,E,Cappuccino ,4,698.8847794234106,482,826
-25.885805,-18.668398,E,Cappuccino ,4,707.678139194764,82,827
-2.1960816,-30.39712,E,Cappuccino ,4,696.3579751651206,365,828
-4.2924647,-28.823307,E,Cappuccino ,4,707.5287567761397,331,829
5.9358187,-33.407986,E,Cappuccino ,4,685.309204393638,455,830
-25.43063,-19.945148,E,Cappuccino ,4,691.0083837299796,89,831
-14.160614,-23.480452,E,Cappuccino ,4,711.0926020222292,199,832
-19.722565,-22.488832,E,Cappuccino ,4,685.3796402849812,143,833
6.832821,-34.308304,E,Cappuccino ,4,691.1483650100015,473,834
1.8714526,-32.712826,E,Cappuccino ,4,715.5256181548964,417,835
3.2949178,-32.53652,E,Cappuccino ,4,693.6103825231049,428,836
-24.298857,-20.627954,E,Cappuccino ,4,686.769102065925,102,837
-22.897923,-20.313437,E,Cappuccino ,4,701.6969379235202,110,838
6.1114044,-34.01462,E,Cappuccino ,4,692.99884126795,462,839
-31.57196,-17.9148,E,Cappuccino ,4,693.1184965482228,3,840
-25.47469,-18.00217,E,Cappuccino ,4,722.524358053443,85,841
5.256237,-34.042027,E,Cappuccino ,4,700.5914212227242,454,842
1.6165806,-32.223396,E,Cappuccino ,4,711.2611702601538,412,843
-7.052571,-27.93272,E,Cappuccino ,4,686.1042753323641,293,844
6.5150666,-33.646435,E,Cappuccino ,4,683.5460125304311,463,845
2.7684069,-33.677376,E,Cappuccino ,4,723.2861900842156,432,846
-3.381998,-29.24547,E,Cappuccino ,4,707.2515139938174,343,847
-1.0140206,-30.621832,E,Cappuccino ,4,705.9475434166528,379,848
2.7198822,-33.052193,E,Cappuccino ,4,708.5341555878031,427,849
-13.98759,-24.206171,E,Cappuccino ,4,697.4731431199904,203,850
-28.686012,-18.144062,E,Cappuccino ,4,703.9208452970087,51,851
-1.2487478,-31.258453,E,Cappuccino ,4,692.4603541113332,381,852
5.2462025,-33.748043,E,Cappuccino ,4,697.1932492313323,452,853
-30.542398,-18.406897,E,Cappuccino ,4,691.2942738373824,27,854
-18.423954,-22.741169,E,Cappuccino ,4,690.157276247075,157,855
-19.322691,-21.714094,E,Cappuccino ,4,701.7989415115347,144,856
-23.013407,-19.544142,E,Cappuccino ,4,713.920022863446,106,857
3.0673633,-33.503746,E,Cappuccino ,4,715.1451756258958,433,858
-26.359797,-18.51207,E,Cappuccino ,4,707.7308318917753,77,859
6.0326157,-33.767025,E,Cappuccino ,4,690.175126064617,459,860
-9.065123,-26.492662,E,Cappuccino ,4,697.7536685000298,263,861
-0.0824447,-31.951221,E,Cappuccino ,4,690.3080038968624,397,862
-17.847383,-22.107008,E,Cappuccino ,4,705.5103730224254,159,863
3.1069548,-32.441708,E,Cappuccino ,4,693.9863235604879,426,864
4.486882,-33.716785,E,Cappuccino ,4,703.1978193414253,445,865
-0.3439944,-30.513205,E,Cappuccino ,4,713.9741470306037,385,866
-16.713058,-23.015656,E,Cappuccino ,4,699.2485583318999,172,867
-1.1764932,-30.821283,E,Cappuccino ,4,701.252245026479,379,868
-19.764387,-21.926271,E,Cappuccino ,4,695.7059445887475,141,869
-12.830732,-24.021584,E,Cappuccino ,4,712.061533956706,214,870
-12.454272,-24.578966,E,Cappuccino ,4,703.8397155254686,220,871
-31.340569,-18.032394,E,Cappuccino ,4,692.9800831219325,10,872
6.6959558,-34.39783,E,Cappuccino ,4,693.3709908244905,472,873
-26.737171,-18.163387,E,Cappuccino ,4,711.4941972826372,72,874
-18.67821,-22.267544,E,Cappuccino ,4,696.9909598063864,152,875
-7.0417647,-27.871248,E,Cappuccino ,4,687.5613676460871,293,876
-27.419664,-19.211798,E,Cappuccino ,4,693.070948022041,68,877
-27.866184,-18.12661,E,Cappuccino ,4,708.0290161814569,60,878
-17.404255,-22.934784,E,Cappuccino ,4,694.3955184851047,167,879
-17.733404,-22.847263,E,Cappuccino ,4,693.2650937575613,164,880
5.459937,-34.347233,E,Cappuccino ,4,702.7899416222381,458,881
-15.975822,-22.29921,E,Cappuccino ,4,722.2269562913508,175,882
-29.046741,-18.904112,E,Cappuccino ,4,687.6217905591288,49,883
-21.829657,-20.394587,E,Cappuccino ,4,706.337768809321,119,884
-18.770994,-21.766634,E,Cappuccino ,4,704.137990974515,149,885
-17.557085,-21.91967,E,Cappuccino ,4,712.2458443762614,160,886
-31.034048,-17.152813,E,Cappuccino ,4,716.2339656229905,11,887
4.4042983,-33.182476,E,Cappuccino ,4,694.4250821499216,441,888
-9.964864,-26.562305,E,Cappuccino ,4,686.3019702042092,254,889
-9.118881,-26.621304,E,Cappuccino ,4,695.6517423808975,263,890
-25.832245,-19.723856,E,Cappuccino ,4,693.0911958771379,85,891
-21.47157,-21.283146,E,Cappuccino ,4,693.8218732074339,125,892
-16.706318,-22.105034,E,Cappuccino ,4,718.9649438312956,167,893
-27.093079,-18.138674,E,Cappuccino ,4,710.4260883563649,68,894
-12.79941,-24.871038,E,Cappuccino ,4,694.8014660845124,218,895
-22.866058,-19.969992,E,Cappuccino ,4,706.8129617442047,109,896
7.714534,-35.16349,E,Cappuccino ,4,697.2653575354518,494,897
-17.28875,-22.295565,E,Cappuccino ,4,708.0953927200591,164,898
-0.83079594,-31.749235,E,Cappuccino ,4,686.9002284171761,387,899
-27.398443,-19.768902,E,Cappuccino ,4,683.1275057654693,70,900
3.1789584,-32.190884,E,Cappuccino ,4,687.4687521179894,425,901
-5.550932,-28.595697,E,Cappuccino ,4,689.7756462045423,316,902
-20.255224,-20.289171,E,Cappuccino ,4,720.7994592369052,130,903
-18.04797,-22.632082,E,Cappuccino ,4,694.7908618066332,160,904
-18.826015,-21.892794,E,Cappuccino ,4,702.0542859627147,149,905
-27.255142,-18.367773,E,Cappuccino ,4,706.3129128326017,67,906
-6.623229,-28.157242,E,Cappuccino ,4,684.433840292032,300,907
-4.81944,-28.972776,E,Cappuccino ,4,688.2739674313868,326,908
-21.044981,-21.797764,E,Cappuccino ,4,687.6653189871989,130,909
-7.258532,-26.571665,E,Cappuccino ,4,716.725723868377,286,910
-22.183058,-20.36059,E,Cappuccino ,4,704.1901900936605,116,911
-29.865215,-18.070303,E,Cappuccino ,4,700.9643371879349,36,912
5.4687195,-33.608826,E,Cappuccino ,4,693.1911271796092,453,913
-5.651506,-28.064335,E,Cappuccino ,4,705.3875599244637,311,914
-13.671974,-24.663942,E,Cappuccino ,4,690.7932640692063,208,915
-28.613594,-19.232536,E,Cappuccino ,4,684.4399326722631,55,916
-0.08526519,-32.31967,E,Cappuccino ,4,681.7809526734765,400,917
-30.251755,-18.037119,E,Cappuccino ,4,699.7998110065557,30,918
-11.143633,-25.278973,E,Cappuccino ,4,703.8361197078793,237,919
-7.5393414,-27.543394,E,Cappuccino ,4,692.4670177566144,286,920
-18.682262,-21.557184,E,Cappuccino ,4,707.893156118546,149,921
5.5160737,-33.980625,E,Cappuccino ,4,697.6341964927086,456,922
-11.788411,-25.35616,E,Cappuccino ,4,696.0360616495219,231,923
5.6049895,-34.43807,E,Cappuccino ,4,702.9805221010718,460,924
-29.654703,-17.691128,E,Cappuccino ,4,710.019275489552,38,925
-11.221471,-25.56181,E,Cappuccino ,4,697.0919391985597,237,926
-27.557972,-18.987276,E,Cappuccino ,4,695.9217691393145,66,927
-10.320771,-26.397038,E,Cappuccino ,4,684.6354825950978,249,928
5.974442,-33.596466,E,Cappuccino ,4,688.093514278213,457,929
-14.841467,-23.04816,E,Cappuccino ,4,713.1007309443785,190,930
1.0642852,-32.00345,E,Cappuccino ,4,700.3916390436186,407,931
-19.360092,-21.507664,E,Cappuccino ,4,704.4901096341894,143,932
-3.692734,-29.470377,E,Cappuccino ,4,694.6949237706184,342,933
-31.402943,-18.47545,E,Cappuccino ,4,680.0606916373197,12,934
-10.891596,-25.012436,E,Cappuccino ,4,712.1833731558538,239,935
2.9000547,-33.148533,E,Cappuccino ,4,708.8644819701626,429,936
-7.245642,-28.21476,E,Cappuccino ,4,677.0602365996641,291,937
5.727062,-34.56093,E,Cappuccino ,4,703.7305893532064,462,938
-19.915209,-20.476627,E,Cappuccino ,4,720.0194596680298,134,939
-31.133474,-17.95674,E,Cappuccino ,4,696.3861423281817,14,940
-26.892574,-19.21275,E,Cappuccino ,4,695.4989886630977,73,941
-13.764197,-24.38969,E,Cappuccino ,4,695.6588982050401,206,942
-8.230267,-27.139847,E,Cappuccino ,4,694.5622056677666,276,943
4.7532854,-34.145103,E,Cappuccino ,4,707.1227148950588,450,944
-7.8125887,-27.010485,E,Cappuccino ,4,701.2022563343421,281,945
-25.102716,-20.537973,E,Cappuccino ,4,680.3085271402646,95,946
-8.571472,-26.781147,E,Cappuccino ,4,697.8174883625717,270,947
7.2589316,-34.764275,E,Cappuccino ,4,694.8374398406287,483,948
2.5174997,-32.981686,E,Cappuccino ,4,709.317760974087,425,949
6.912286,-35.296124,E,Cappuccino ,4,705.1027901053208,482,950
0.061115384,-30.975754,E,Cappuccino ,4,709.9781271826403,392,951
-26.15089,-18.445412,E,Cappuccino ,4,709.5079630033615,79,952
-27.742483,-20.251965,E,Cappuccino ,4,666.1157191734361,68,953
-30.156412,-17.884909,E,Cappuccino ,4,702.4186670151354,31,954
-4.2852354,-29.223726,E,Cappuccino ,4,690.3047611048003,334,955
4.912108,-33.486607,E,Cappuccino ,4,696.2617260595057,447,956
-0.1750722,-31.04426,E,Cappuccino ,4,706.3262129978427,390,957
-7.4783897,-27.913862,E,Cappuccino ,4,683.4356713482885,287,958
7.571461,-35.772694,E,Cappuccino ,4,712.5643634234519,499,959
-3.6233912,-29.73114,E,Cappuccino ,4,686.6877020728593,345,960
-20.687323,-21.05615,E,Cappuccino ,4,702.7832906122021,130,961
1.7604239,-32.593204,E,Cappuccino ,4,716.394886594175,415,962
-28.346096,-18.529911,E,Cappuccino ,4,699.0070728995835,56,963
-0.272994,-31.675602,E,Cappuccino ,4,694.0150638328366,393,964
-24.748587,-20.59474,E,Cappuccino ,4,682.5901814263162,99,965
0.20946616,-31.995386,E,Cappuccino ,4,692.3023112211912,400,966
-9.979912,-26.172838,E,Cappuccino ,4,694.3954490172006,252,967
-29.481,-17.534924,E,Cappuccino ,4,715.2117213776475,40,968
-8.105828,-26.259247,E,Cappuccino ,4,713.482800659264,273,969
-12.604002,-25.046993,E,Cappuccino ,4,692.6724637031,221,970
-6.024174,-28.209175,E,Cappuccino ,4,692.9832808997593,308,971
-15.936504,-22.86598,E,Cappuccino ,4,709.5053800792845,178,972
-27.672207,-18.406046,E,Cappuccino ,4,704.253290604766,63,973
-9.659692,-26.306812,E,Cappuccino ,4,695.6746773830098,256,974
6.89385,-35.624805,E,Cappuccino ,4,713.2707810201366,483,975
-31.230663,-18.3014,E,Cappuccino ,4,688.2988697394064,14,976
6.065149,-33.30275,E,Cappuccino ,4,681.9801956241998,455,977
-15.511501,-23.007395,E,Cappuccino ,4,708.7864350972604,183,978
-0.4195669,-30.80101,E,Cappuccino ,4,707.6219840079222,386,979
-11.837195,-25.245802,E,Cappuccino ,4,697.6732809148,230,980
-26.454197,-19.73791,E,Cappuccino ,4,689.5352205737557,79,981
-0.88578373,-30.121572,E,Cappuccino ,4,717.4924162204353,376,982
2.3901203,-32.822426,E,Cappuccino ,4,707.9401707354114,423,983
7.0752616,-34.059036,E,Cappuccino ,4,684.6726463110424,474,984
-10.682598,-25.205524,E,Cappuccino ,4,710.3295473322861,242,985
7.543912,-34.50406,E,Cappuccino ,4,688.055602419943,485,986
-16.472574,-22.859247,E,Cappuccino ,4,705.1284361307938,173,987
7.783438,-35.296516,E,Cappuccino ,4,698.7765309735889,497,988
-15.234561,-23.84217,E,Cappuccino ,4,695.6484340214524,188,989
-9.590282,-26.117825,E,Cappuccino ,4,699.8988408853108,256,990
-15.327185,-22.501173,E,Cappuccino ,4,722.1842142411473,183,991
-26.072968,-19.44569,E,Cappuccino ,4,696.1040339314121,82,992
-11.521111,-24.974669,E,Cappuccino ,4,705.5383333178155,232,993
1.675107,-32.203358,E,Cappuccino ,4,704.4280638102092,413,994
2.2316318,-32.907196,E,Cappuccino ,4,712.0592680761658,422,995
-22.491219,-20.178406,E,Cappuccino ,4,704.945957483211,113,996
-23.433252,-20.303946,E,Cappuccino ,4,698.8334279016773,105,997
2.718837,-32.727287,E,Cappuccino ,4,702.914499232118,425,998
-21.064085,-21.529715,E,Cappuccino ,4,692.6931803619622,129,999
4.3936834,-33.676777,E,Cappuccino ,4,703.2517679652906,444,1000
-11.657074,-25.30947,E,Cappuccino ,4,698.3327596691316,232,1001
-6.966788,-26.562248,E,Cappuccino ,4,721.573082132655,290,1002
-9.080193,-26.744951,E,Cappuccino ,4,693.9428507699666,264,1003
-26.236845,-18.915232,E,Cappuccino ,4,702.7654366689267,79,1004
0.71346,-31.484154,E,Cappuccino ,4,707.9949925350414,401,1005
6.159914,-34.602867,E,Cappuccino ,4,700.3200414906577,467,1006
-27.331182,-19.276575,E,Cappuccino ,4,692.4658212965381,69,1007
-23.788603,-19.996641,E,Cappuccino ,4,700.8864669739801,101,1008
-31.145716,-17.12743,E,Cappuccino ,4,717.2212860568497,8,1009
1.0634367,-32.11024,E,Cappuccino ,4,696.346784486879,408,1010
7.026814,-35.168938,E,Cappuccino ,4,701.8468030586491,483,1011
-2.2530408,-30.572565,E,Cappuccino ,4,691.9750726678835,366,1012
-11.72074,-24.520855,E,Cappuccino ,4,712.9881132484705,228,1013
0.038370892,-30.84928,E,Cappuccino ,4,712.0041390794443,391,1014
7.9365573,-35.119694,E,Cappuccino ,4,693.4310572102861,499,1015
-9.288696,-26.546234,E,Cappuccino ,4,695.4859034239936,261,1016
-9.284754,-26.540405,E,Cappuccino ,4,695.6394651235012,261,1017
-4.969163,-28.311913,E,Cappuccino ,4,711.85704154663,320,1018
-19.78808,-21.202951,E,Cappuccino ,4,707.1895331066506,138,1019
4.7858605,-34.100296,E,Cappuccino ,4,706.0713110078361,450,1020
5.5761614,-34.968914,E,Cappuccino ,4,713.111588863181,463,1021
-1.0642701,-31.128761,E,Cappuccino ,4,696.7732016115787,382,1022
-4.864868,-28.759493,E,Cappuccino ,4,697.4916698354496,324,1023
-1.0797778,-30.571266,E,Cappuccino ,4,706.4168743715464,378,1024
-21.688505,-20.120012,E,Cappuccino ,4,712.2462708722633,119,1025
7.5526175,-34.814373,E,Cappuccino ,4,693.5648176961986,488,1026
-9.272422,-25.808064,E,Cappuccino ,4,709.2784012808123,258,1027
-2.6835773,-29.348097,E,Cappuccino ,4,714.5561869008112,351,1028
0.8295798,-31.11164,E,Cappuccino ,4,717.99271575019,400,1029
-31.141829,-17.501003,E,Cappuccino ,4,705.3829607904963,11,1030
-31.116291,-17.310154,E,Cappuccino ,4,710.725073373098,10,1031
-15.576669,-23.161999,E,Cappuccino ,4,705.56820840775,183,1032
5.5809903,-34.044476,E,Cappuccino ,4,697.8962984143895,457,1033
-21.619986,-21.453018,E,Cappuccino ,4,689.5519080597896,124,1034
7.129662,-33.88859,E,Cappuccino ,4,680.33643410624,473,1035
6.41247,-34.331818,E,Cappuccino ,4,694.8854944444977,468,1036
-13.248575,-24.800337,E,Cappuccino ,4,692.395999256667,213,1037
-22.61665,-20.544922,E,Cappuccino ,4,699.5411921801908,113,1038
-0.8094275,-30.03957,E,Cappuccino ,4,720.4298452535126,376,1039
-8.525584,-26.282345,E,Cappuccino ,4,707.461874073144,268,1040
-11.596499,-25.437895,E,Cappuccino ,4,696.3980640539005,233,1041
-18.442705,-20.989592,E,Cappuccino ,4,721.289465557456,149,1042
-21.07641,-20.623936,E,Cappuccino ,4,706.8867802368543,126,1043
-20.11322,-21.200085,E,Cappuccino ,4,704.9097495163825,135,1044
-18.496283,-21.677202,E,Cappuccino ,4,707.3487778604982,151,1045
-25.80049,-19.946777,E,Cappuccino ,4,689.6119817199744,86,1046
-18.653818,-21.755465,E,Cappuccino ,4,705.0290040491413,150,1047
-7.6237416,-26.935904,E,Cappuccino ,4,703.9968795175264,283,1048
-28.916216,-18.666054,E,Cappuccino ,4,693.4864310620817,50,1049
-25.295519,-19.376278,E,Cappuccino ,4,700.3047885026566,88,1050
-29.438158,-18.8596,E,Cappuccino ,4,685.0806385352862,44,1051
-15.052293,-23.501978,E,Cappuccino ,4,703.0883301259896,189,1052
-2.4675424,-29.357737,E,Cappuccino ,4,717.0221494463524,353,1053
-31.117857,-18.586006,E,Cappuccino ,4,681.0082361208454,19,1054
-30.599636,-17.823822,E,Cappuccino ,4,700.7842939901864,23,1055
-1.7197539,-30.120901,E,Cappuccino ,4,707.5334162110453,367,1056
-7.767773,-26.88029,E,Cappuccino ,4,703.8115838488278,281,1057
-2.4828627,-30.303637,E,Cappuccino ,4,693.776218050092,362,1058
-15.302275,-23.286598,E,Cappuccino ,4,704.7808999662745,186,1059
-2.3427093,-30.164028,E,Cappuccino ,4,697.9097674271397,362,1060
-3.0317547,-29.97445,E,Cappuccino ,4,691.494795457907,354,1061
-0.70655227,-30.937737,E,Cappuccino ,4,702.6066283315041,384,1062
-6.4827547,-28.158123,E,Cappuccino ,4,685.9949203972506,302,1063
3.1660786,-32.205986,E,Cappuccino ,4,688.0411693796482,425,1064
-22.610619,-20.174107,E,Cappuccino ,4,704.4460266822014,112,1065
-25.496254,-19.1298,E,Cappuccino ,4,702.779830647427,86,1066
-11.227305,-24.706305,E,Cappuccino ,4,714.5481064499174,234,1067
2.3805223,-32.056503,E,Cappuccino ,4,692.1510168691776,418,1068
3.6687236,-33.45289,E,Cappuccino ,4,706.4828043384385,437,1069
-10.745163,-26.15502,E,Cappuccino ,4,685.5014343451909,243,1070
-12.520339,-25.251215,E,Cappuccino ,4,688.9369181877166,223,1071
-23.616219,-19.650612,E,Cappuccino ,4,707.2238135782777,101,1072
-15.423483,-23.74566,E,Cappuccino ,4,696.2716684790823,186,1073
-30.898916,-18.295454,E,Cappuccino ,4,691.82814533391,20,1074
-0.5087675,-32.21134,E,Cappuccino ,4,679.0587937233622,394,1075
-6.91771,-27.300087,E,Cappuccino ,4,702.2468472575189,293,1076
-11.62078,-24.737638,E,Cappuccino ,4,709.3259083187309,230,1077
1.2132752,-31.502604,E,Cappuccino ,4,716.8109231493049,405,1078
-14.151678,-24.394157,E,Cappuccino ,4,692.4909445021989,202,1079
-28.453102,-19.282015,E,Cappuccino ,4,684.743436854299,57,1080
2.779351,-33.269127,E,Cappuccino ,4,712.6258410342718,429,1081
-31.455437,-17.609379,E,Cappuccino ,4,701.8111651021106,4,1082
-12.623794,-25.082846,E,Cappuccino ,4,691.6423786497909,221,1083
-4.111624,-29.226555,E,Cappuccino ,4,694.3575240134261,336,1084
-15.354827,-23.450861,E,Cappuccino ,4,701.8455130319703,186,1085
-9.599798,-25.33666,E,Cappuccino ,4,718.613155972364,254,1086
-30.45563,-17.156584,E,Cappuccino ,4,718.8661464608941,24,1087
-17.715162,-21.918257,E,Cappuccino ,4,710.2406252581146,159,1088
-15.098289,-23.305574,E,Cappuccino ,4,705.9252694920118,188,1089
-2.010962,-30.329838,E,Cappuccino ,4,699.9295720107526,366,1090
-13.106337,-23.845572,E,Cappuccino ,4,713.1240862174263,211,1091
-30.275288,-18.13498,E,Cappuccino ,4,698.2981537747507,30,1092
-5.587312,-28.412508,E,Cappuccino ,4,695.4677195067272,314,1093
-14.736142,-23.293543,E,Cappuccino ,4,709.4782580283721,192,1094
-30.741732,-17.498575,E,Cappuccino ,4,706.8203445004393,19,1095
-15.739911,-23.983646,E,Cappuccino ,4,688.5831088586649,183,1096
-22.646372,-20.643738,E,Cappuccino ,4,698.0634054072028,113,1097
-22.350946,-21.101974,E,Cappuccino ,4,691.5673939570626,116,1098
-22.635303,-20.605343,E,Cappuccino ,4,698.6475710436797,113,1099
5.225207,-34.861366,E,Cappuccino ,4,715.1344974324213,459,1100
-5.503838,-28.138153,E,Cappuccino ,4,706.3081168455478,313,1101
0.5672483,-31.702515,E,Cappuccino ,4,701.8984783621246,401,1102
-14.32162,-23.689453,E,Cappuccino ,4,705.7675806619308,198,1103
6.430464,-35.371937,E,Cappuccino ,4,712.2103369552535,475,1104
0.49552292,-31.44886,E,Cappuccino ,4,705.8209770346862,399,1105
-26.477728,-18.22557,E,Cappuccino ,4,711.474093301916,75,1106
-2.5740805,-30.05775,E,Cappuccino ,4,696.9577611882819,359,1107
7.5156593,-35.928093,E,Cappuccino ,4,718.8458630593461,500,1108
-27.62846,-17.797958,E,Cappuccino ,4,715.4324352827219,61,1109
-21.91468,-20.300617,E,Cappuccino ,4,707.1799030991617,118,1110
7.301018,-35.848118,E,Cappuccino ,4,716.7554739354448,493,1111
-28.68001,-18.125805,E,Cappuccino ,4,704.288123146207,51,1112
-10.478515,-25.623474,E,Cappuccino ,4,701.9730041999285,245,1113
-5.1745005,-28.671053,E,Cappuccino ,4,694.1658764413187,320,1114
2.8244994,-32.007366,E,Cappuccino ,4,686.9909824348588,421,1115
-15.132956,-24.756353,E,Cappuccino ,4,672.8589269950892,192,1116
-9.364241,-26.699507,E,Cappuccino ,4,692.0050166683651,261,1117
-21.010996,-20.524822,E,Cappuccino ,4,709.0921616645313,126,1118
-11.463316,-24.590033,E,Cappuccino ,4,714.2803148523478,231,1119
-25.842691,-19.420275,E,Cappuccino ,4,697.2577164294547,84,1120
-18.841705,-22.608137,E,Cappuccino ,4,690.0068724234986,152,1121
1.0762345,-32.100216,E,Cappuccino ,4,696.8099233324717,408,1122
-2.1413279,-30.208141,E,Cappuccino ,4,699.8168314055715,364,1123
-8.683219,-27.075565,E,Cappuccino ,4,690.4593825225368,270,1124
-21.95724,-21.268736,E,Cappuccino ,4,690.463953869803,120,1125
6.8862967,-34.932434,E,Cappuccino ,4,699.3347148244796,479,1126
-23.244888,-20.144943,E,Cappuccino ,4,702.4527783777843,106,1127
-4.5555186,-28.977081,E,Cappuccino ,4,695.1979762585298,329,1128
-6.2822757,-27.503716,E,Cappuccino ,4,707.1408611295253,301,1129
-30.617853,-17.383665,E,Cappuccino ,4,710.5305743301537,21,1130
-14.312793,-22.995176,E,Cappuccino ,4,720.3330529860347,196,1131
-26.916979,-18.166813,E,Cappuccino ,4,710.7112457378465,70,1132
-21.28702,-21.42908,E,Cappuccino ,4,692.7184322393222,127,1133
-13.84236,-23.732948,E,Cappuccino ,4,707.86969565555,203,1134
-19.156551,-22.443453,E,Cappuccino ,4,691.0886699139851,148,1135
-1.062575,-30.313902,E,Cappuccino ,4,711.5979124528931,376,1136
-0.8880961,-31.235966,E,Cappuccino ,4,696.230857745861,384,1137
-30.738201,-17.918488,E,Cappuccino ,4,698.9551865362313,21,1138
-25.697565,-17.895252,E,Cappuccino ,4,723.555802585682,82,1139
2.3157504,-32.5831,E,Cappuccino ,4,704.4600009466718,421,1140
6.7111,-34.37369,E,Cappuccino ,4,692.9672847743652,472,1141
-3.8788443,-29.561079,E,Cappuccino ,4,687.303100129269,341,1142
-1.0390155,-31.536222,E,Cappuccino ,4,689.2653232226055,384,1143
-25.750336,-19.83079,E,Cappuccino ,4,691.7688193865192,86,1144
-7.2463493,-27.342232,E,Cappuccino ,4,698.358205883795,289,1145
-3.0690982,-30.00728,E,Cappuccino ,4,689.841781810216,354,1146
-30.347261,-17.926802,E,Cappuccino ,4,700.6167984984797,28,1147
-25.615667,-19.498075,E,Cappuccino ,4,697.0445875985345,86,1148
-16.159159,-23.16236,E,Cappuccino ,4,701.5231551357663,177,1149
-14.499059,-24.294151,E,Cappuccino ,4,691.7240977935128,198,1150
-24.157352,-19.808762,E,Cappuccino ,4,700.8614388304637,98,1151
-31.633698,-18.115143,E,Cappuccino ,4,687.336594943743,2,1152
-30.679413,-17.90992,E,Cappuccino ,4,699.4201605256776,22,1153
-24.044117,-19.636484,E,Cappuccino ,4,704.3655980415767,98,1154
-19.157776,-21.297012,E,Cappuccino ,4,709.039348410862,144,1155
-25.406631,-18.237782,E,Cappuccino ,4,717.6986242067696,86,1156
-26.716373,-19.650743,E,Cappuccino ,4,689.656271720764,76,1157
4.5119514,-33.538094,E,Cappuccino ,4,700.2079370767541,444,1158
-28.202969,-18.9594,E,Cappuccino ,4,692.7199705877086,59,1159
-5.257949,-28.645515,E,Cappuccino ,4,693.5275936201195,319,1160
-28.923351,-18.33787,E,Cappuccino ,4,699.4111819009728,49,1161
-30.875734,-18.228905,E,Cappuccino ,4,693.5403582087547,20,1162
-18.62501,-22.572851,E,Cappuccino ,4,692.0080799334975,154,1163
-12.837957,-24.039007,E,Cappuccino ,4,711.619338134561,214,1164
-19.606426,-22.199274,E,Cappuccino ,4,692.3163505268593,143,1165
-12.9809885,-24.401247,E,Cappuccino ,4,703.2307927311602,214,1166
-22.29253,-20.781635,E,Cappuccino ,4,697.4764649787371,116,1167
7.51513,-34.99994,E,Cappuccino ,4,696.395265957954,489,1168
-16.985773,-22.610205,E,Cappuccino ,4,705.1141550092996,168,1169
-24.051273,-19.378595,E,Cappuccino ,4,708.8310977714716,97,1170
-29.466883,-18.23875,E,Cappuccino ,4,699.221628029872,42,1171
4.015168,-32.811863,E,Cappuccino ,4,690.2655325860053,436,1172
-7.9684935,-27.012173,E,Cappuccino ,4,699.9460262363847,279,1173
0.5690401,-31.99596,E,Cappuccino ,4,695.7364240379445,403,1174
-14.325687,-23.394243,E,Cappuccino ,4,711.4844570919676,197,1175
7.2534065,-34.036606,E,Cappuccino ,4,681.6923155160514,476,1176
-6.6243024,-27.46119,E,Cappuccino ,4,702.0065180395569,297,1177
-28.088465,-17.615204,E,Cappuccino ,4,718.7329777621754,55,1178
0.15400529,-30.99164,E,Cappuccino ,4,710.8004806571465,393,1179
-23.305223,-19.772615,E,Cappuccino ,4,707.6539021417043,104,1180
-13.405434,-24.451597,E,Cappuccino ,4,698.0817854179336,210,1181
-8.565935,-26.380976,E,Cappuccino ,4,704.8473281729448,268,1182
-0.82622457,-31.53053,E,Cappuccino ,4,691.5364334500913,386,1183
-9.189805,-25.877287,E,Cappuccino ,4,708.3380733915936,259,1184
-7.7444534,-27.336927,E,Cappuccino ,4,695.7224431295325,283,1185
-31.379822,-17.838854,E,Cappuccino ,4,696.6522466789346,8,1186
-23.978441,-20.23061,E,Cappuccino ,4,695.96351536758,101,1187
-23.603333,-19.613382,E,Cappuccino ,4,707.8179931131291,101,1188
-9.138622,-26.017979,E,Cappuccino ,4,705.6768675093458,260,1189
-21.090002,-21.59122,E,Cappuccino ,4,691.4065971630068,129,1190
-27.522264,-18.00315,E,Cappuccino ,4,711.4238514397413,63,1191
-18.349962,-22.790558,E,Cappuccino ,4,689.4228435192995,158,1192
-8.610277,-26.66139,E,Cappuccino ,4,699.5898457899654,269,1193
-20.540178,-21.061657,E,Cappuccino ,4,703.898868194724,131,1194
-3.072539,-29.917692,E,Cappuccino ,4,692.276302156857,353,1195
-12.123444,-25.207743,E,Cappuccino ,4,694.7600342654464,227,1196
-15.202782,-24.231842,E,Cappuccino ,4,687.4278872514246,189,1197
7.5981736,-34.50968,E,Cappuccino ,4,687.4126835073699,486,1198
3.8490126,-32.7105,E,Cappuccino ,4,689.9084171065037,434,1199
-28.22644,5.6734695,F,Espresso,3,702.8598494072246,377,1200
-27.192978,5.8983517,F,Espresso,3,695.7115706436956,395,1201
-24.439236,6.8818135,F,Espresso,3,702.7670904390499,457,1202
-36.505238,3.339012,F,Espresso,3,707.3214056348512,213,1203
-41.96674,1.5281366,F,Espresso,3,707.3675775544109,76,1204
-23.716656,6.575204,F,Espresso,3,694.3303902444676,476,1205
-39.24982,3.0795875,F,Espresso,3,683.7604279123896,156,1206
-34.807648,3.8631353,F,Espresso,3,701.6156301343999,248,1207
-38.711132,2.6559358,F,Espresso,3,702.4363250000738,163,1208
-38.124275,3.1153517,F,Espresso,3,695.4090893644542,180,1209
-30.314264,4.996811,F,Espresso,3,702.4919854273566,338,1210
-31.473011,4.608949,F,Espresso,3,704.2147344987591,314,1211
-27.763073,5.6954527,F,Espresso,3,688.5786935056865,384,1212
-39.12691,2.1170077,F,Espresso,3,720.1487856112421,150,1213
-29.615898,5.2184143,F,Espresso,3,707.9570314169974,350,1214
-33.673756,4.0115056,F,Espresso,3,706.1866393748065,271,1215
-23.538847,6.711858,F,Espresso,3,695.109052140811,483,1216
-25.760635,6.51409,F,Espresso,3,702.9730964568084,424,1217
-43.553684,1.4034351,F,Espresso,3,704.6955916935293,1,1218
-24.293486,6.27999,F,Espresso,3,689.9343900891209,456,1219
-32.07254,4.280665,F,Espresso,3,708.6784694303129,303,1220
-32.61664,4.6231046,F,Espresso,3,696.2191389901667,294,1221
-31.615702,4.9793324,F,Espresso,3,694.056336276538,313,1222
-40.65917,2.2488186,F,Espresso,3,698.0767608692763,117,1223
-23.666805,7.357427,F,Espresso,3,714.5795523356569,484,1224
-24.203243,6.4702873,F,Espresso,3,694.8433596615779,460,1225
-34.55475,3.808687,F,Espresso,3,706.8341850462342,252,1226
-30.605982,5.035442,F,Espresso,3,694.0586542322511,333,1227
-39.95453,2.2433672,F,Espresso,3,702.8220764288993,134,1228
-34.60596,3.7775886,F,Espresso,3,707.4656009568107,251,1229
-39.806698,2.8217826,F,Espresso,3,684.3910909724593,142,1230
-41.402363,2.3678987,F,Espresso,3,685.7196916689924,100,1231
-39.54047,2.7212088,F,Espresso,3,690.4814952532538,147,1232
-43.186794,1.7664675,F,Espresso,3,696.9638329469224,30,1233
-28.671432,5.4842563,F,Espresso,3,699.0227694692908,369,1234
-33.071342,3.9046867,F,Espresso,3,714.1170937593146,281,1235
-41.25609,2.1074698,F,Espresso,3,695.9437500878794,102,1236
-36.41023,3.4039824,F,Espresso,3,699.326087642818,215,1237
-40.876614,1.9396352,F,Espresso,3,703.8824264778534,110,1238
-25.159481,6.1584444,F,Espresso,3,693.0358020707739,435,1239
-32.978706,4.1839833,F,Espresso,3,705.4086922248134,284,1240
-24.111454,7.1585693,F,Espresso,3,708.8475105476332,468,1241
-42.140846,1.8661774,F,Espresso,3,700.3886556204857,73,1242
-34.642616,3.9357839,F,Espresso,3,701.5431583163358,251,1243
-33.4717,4.060841,F,Espresso,3,705.6935944617244,275,1244
-25.502735,7.197268,F,Espresso,3,722.3447890134931,431,1245
-25.009308,5.941113,F,Espresso,3,685.2830855732931,437,1246
-31.375574,4.890381,F,Espresso,3,697.3782629713616,317,1247
-33.98887,4.1370487,F,Espresso,3,698.8012745257713,265,1248
-31.221214,4.8797517,F,Espresso,3,697.8137928884126,320,1249
-39.818844,2.8569462,F,Espresso,3,682.9979512545193,142,1250
-37.013435,3.2255309,F,Espresso,3,705.2830303466692,203,1251
-42.205914,1.4548132,F,Espresso,3,706.556103982529,68,1252
-23.890776,7.354004,F,Espresso,3,715.2772361952376,476,1253
-40.87495,1.931091,F,Espresso,3,704.283129624735,110,1254
-41.68587,1.6244875,F,Espresso,3,708.991357136875,86,1255
-28.671146,5.4838214,F,Espresso,3,698.9555078146253,369,1256
-25.349012,6.4147754,F,Espresso,3,698.3117827680999,432,1257
-42.352615,1.556727,F,Espresso,3,700.8312246565667,64,1258
-23.299732,6.904425,F,Espresso,3,695.3289659320923,494,1259
-30.95853,4.8067555,F,Espresso,3,700.7005216311318,325,1260
-31.996992,4.200398,F,Espresso,3,711.6187830260819,304,1261
-26.119104,6.4210644,F,Espresso,3,703.4753037615808,417,1262
-37.09289,3.1407447,F,Espresso,3,711.6350876795499,201,1263
-24.150448,6.8989625,F,Espresso,3,702.6515552729888,465,1264
-23.663334,7.136214,F,Espresso,3,706.4193053496155,482,1265
-32.238728,4.512682,F,Espresso,3,701.8958161659874,301,1266
-29.965015,5.0231752,F,Espresso,3,710.0104609256714,343,1267
-42.18287,2.2567258,F,Espresso,3,681.8996759672742,76,1268
-38.394745,3.0993817,F,Espresso,3,693.1206613316282,174,1269
-43.10595,1.2589082,F,Espresso,3,705.1120259952498,26,1270
-31.735981,4.2196293,F,Espresso,3,713.7365854516296,308,1271
-31.773766,3.9967685,F,Espresso,3,721.0520240120801,307,1272
-43.070427,1.9129364,F,Espresso,3,688.8694557293629,38,1273
-39.949375,1.9830654,F,Espresso,3,716.3996452937139,132,1274
-31.596266,4.4575243,F,Espresso,3,707.4212749107189,311,1275
-26.577623,5.9660573,F,Espresso,3,690.3450201417095,406,1276
-42.04017,1.8338044,F,Espresso,3,700.3016157253512,76,1277
-37.35571,2.8708274,F,Espresso,3,721.7094271749781,194,1278
-23.861511,6.713134,F,Espresso,3,698.2411418756766,472,1279
-34.25917,3.706016,F,Espresso,3,714.7907897340576,257,1280
-42.08795,1.4978857,F,Espresso,3,706.1114365464954,72,1281
-39.25943,2.7599173,F,Espresso,3,693.7735063826555,153,1282
-36.662464,3.3219357,F,Espresso,3,701.9460745523725,210,1283
-36.245796,3.4524148,F,Espresso,3,695.6041128896823,218,1284
-33.22862,4.9100456,F,Espresso,3,677.9224908361743,283,1285
-24.631548,6.4905105,F,Espresso,3,695.7069777548274,449,1286
-24.901163,6.274768,F,Espresso,3,693.0757902012614,441,1287
-25.69337,6.222722,F,Espresso,3,697.7980537299204,424,1288
-39.85,2.936084,F,Espresso,3,679.32145273564,142,1289
-31.72562,5.209942,F,Espresso,3,684.95279625969,312,1290
-38.106533,2.808195,F,Espresso,3,707.600559636896,177,1291
-32.224823,4.719736,F,Espresso,3,697.9506496218676,302,1292
-28.675852,5.4905243,F,Espresso,3,700.0686825493904,369,1293
-30.150574,5.155318,F,Espresso,3,696.9079092295013,341,1294
-34.993275,3.9300282,F,Espresso,3,692.4784359440941,245,1295
-29.003923,5.4077854,F,Espresso,3,704.8014613622237,363,1296
-31.57712,3.903784,F,Espresso,3,727.3086723322357,310,1297
-42.93076,1.3401521,F,Espresso,3,698.3986720443336,37,1298
-31.965336,4.3924155,F,Espresso,3,706.7134007645046,305,1299
-31.967737,5.019588,F,Espresso,3,691.1377965639059,307,1300
-42.461834,1.4290572,F,Espresso,3,702.6866142668378,59,1301
-27.122242,6.1326966,F,Espresso,3,710.760071385986,397,1302
-37.563885,3.1549888,F,Espresso,3,700.2131164867194,192,1303
-43.58326,1.5685538,F,Espresso,3,696.0088814779725,1,1304
-38.635204,3.0220785,F,Espresso,3,693.4710322758843,168,1305
-24.22305,6.0804114,F,Espresso,3,681.9686032374406,456,1306
-24.656109,6.010942,F,Espresso,3,684.1586405699451,445,1307
-35.200577,3.667883,F,Espresso,3,707.7202156200342,240,1308
-26.158384,6.7719703,F,Espresso,3,715.3132374457947,417,1309
-23.315962,6.884832,F,Espresso,3,695.1693894831656,493,1310
-25.42311,6.585914,F,Espresso,3,701.4679301198555,431,1311
-30.318047,5.0098915,F,Espresso,3,701.4486766465756,338,1312
-39.534695,2.5648432,F,Espresso,3,693.8522713484308,146,1313
-40.283497,2.3382413,F,Espresso,3,697.3146935209417,127,1314
-25.81577,5.9576755,F,Espresso,3,691.0880777458472,420,1315
-26.272392,6.001174,F,Espresso,3,691.1185210427262,412,1316
-25.68254,6.1790824,F,Espresso,3,696.9311885131262,424,1317
-28.143957,5.6581764,F,Espresso,3,698.687430329077,378,1318
-35.059486,3.7612085,F,Espresso,3,700.7685188295877,243,1319
-24.822392,6.8914857,F,Espresso,3,705.1192409102928,447,1320
-32.988995,4.424501,F,Espresso,3,698.3169176603793,285,1321
-30.73836,5.1554227,F,Espresso,3,689.0960092255715,331,1322
-24.374355,7.263925,F,Espresso,3,714.1093237974627,461,1323
-43.076767,1.2908932,F,Espresso,3,702.06724047245,28,1324
-34.2059,3.8869991,F,Espresso,3,707.5893860012195,259,1325
-43.57719,1.6006669,F,Espresso,3,693.8756262535957,2,1326
-41.502167,1.7974094,F,Espresso,3,703.615035252061,93,1327
-32.483334,4.4674377,F,Espresso,3,700.5835100428548,296,1328
-34.328056,4.2112856,F,Espresso,3,692.5521579327348,258,1329
-25.977654,6.280615,F,Espresso,3,699.6677000935554,419,1330
-35.446712,3.6667087,F,Espresso,3,697.9188314272747,235,1331
-23.972292,7.568233,F,Espresso,3,726.7810987363839,474,1332
-29.287676,5.3325152,F,Espresso,3,695.1434882390932,357,1333
-36.00014,3.5032864,F,Espresso,3,701.598563919974,223,1334
-26.419867,5.9650645,F,Espresso,3,689.7232485907405,409,1335
-32.952667,4.0880566,F,Espresso,3,708.5546000868264,284,1336
-33.313435,3.9000683,F,Espresso,3,712.8732439015214,277,1337
-41.39494,2.194357,F,Espresso,3,693.537726901562,99,1338
-25.582365,7.06237,F,Espresso,3,717.7531089260951,429,1339
-40.53142,2.4942625,F,Espresso,3,690.5614929457628,122,1340
-43.216194,1.8761511,F,Espresso,3,689.0541346044707,30,1341
-24.72676,7.186737,F,Espresso,3,713.9246530006433,451,1342
-37.45429,3.2264867,F,Espresso,3,697.4995348540104,195,1343
-42.901764,2.0737858,F,Espresso,3,681.8069207133527,48,1344
-38.97352,2.9458196,F,Espresso,3,693.0681317276358,160,1345
-41.228374,1.6565822,F,Espresso,3,713.0434024287815,100,1346
-27.935123,5.5610423,F,Espresso,3,683.3750801196433,380,1347
-24.91544,6.1246114,F,Espresso,3,690.1321395426046,440,1348
-38.879555,2.296986,F,Espresso,3,714.820224936158,156,1349
-42.68412,2.0358074,F,Espresso,3,688.9429533151406,56,1350
-31.172583,4.8795896,F,Espresso,3,697.8507896971126,321,1351
-39.138058,2.9630647,F,Espresso,3,690.3559574538831,157,1352
-37.08415,3.2926915,F,Espresso,3,695.6984336440817,202,1353
-25.664036,6.9122796,F,Espresso,3,713.1030874611961,427,1354
-23.399933,7.312604,F,Espresso,3,713.9568381078996,495,1355
-32.037346,4.7581697,F,Espresso,3,698.4939408056316,305,1356
-28.642378,5.4381227,F,Espresso,3,692.8624614372935,369,1357
-26.09697,6.6374297,F,Espresso,3,709.6485163309745,418,1358
-38.068115,2.6535964,F,Espresso,3,716.1558282354823,176,1359
-28.96664,5.60515,F,Espresso,3,718.9138784955034,365,1360
-25.226398,6.254113,F,Espresso,3,695.379039813486,434,1361
-24.860834,6.438472,F,Espresso,3,695.2616065292908,443,1362
-42.340122,1.8878758,F,Espresso,3,699.8554772912172,67,1363
-39.096928,2.612723,F,Espresso,3,698.9787155996501,155,1364
-25.482424,6.680979,F,Espresso,3,704.0925838759724,430,1365
-35.490677,3.646267,F,Espresso,3,699.1163704079466,234,1366
-42.75869,1.8220683,F,Espresso,3,696.2998897011787,51,1367
-23.426512,6.4044876,F,Espresso,3,681.9621857822182,485,1368
-40.48467,2.332804,F,Espresso,3,696.4501271588671,122,1369
-37.348072,3.1133826,F,Espresso,3,706.9695440451073,196,1370
-33.578556,4.2947717,F,Espresso,3,696.6618051024399,274,1371
-23.216993,6.6396604,F,Espresso,3,684.6033348072668,496,1372
-33.427837,4.6538277,F,Espresso,3,685.1372297004971,278,1373
-32.11878,5.072937,F,Espresso,3,688.0607499360094,305,1374
-27.086842,5.998246,F,Espresso,3,701.4294309476371,397,1375
-28.17216,5.8801026,F,Espresso,3,715.7281464091718,379,1376
-29.997423,5.127575,F,Espresso,3,702.5045240772778,343,1377
-25.971113,5.750277,F,Espresso,3,681.9894226584726,416,1378
-41.00252,2.2651012,F,Espresso,3,694.5732620026598,109,1379
-32.413097,5.0034995,F,Espresso,3,687.3854516634489,300,1380
-39.844635,2.535359,F,Espresso,3,691.34960773651,139,1381
-41.707024,2.3858016,F,Espresso,3,680.2070018962421,92,1382
-24.83901,6.9654956,F,Espresso,3,707.4791025611753,447,1383
-40.887756,2.161215,F,Espresso,3,698.2813701353671,111,1384
-29.445896,5.321642,F,Espresso,3,688.918354688092,354,1385
-33.716038,4.8015833,F,Espresso,3,674.6971247725367,273,1386
-41.36085,2.056892,F,Espresso,3,697.1399577811989,99,1387
-34.744923,3.8576617,F,Espresso,3,702.9186176200002,249,1388
-39.12976,2.336316,F,Espresso,3,708.9946497114825,152,1389
-30.190042,5.301182,F,Espresso,3,687.7045040554758,341,1390
-43.43109,1.3185945,F,Espresso,3,704.9669922323652,8,1391
-38.71002,2.763055,F,Espresso,3,699.6985573047915,164,1392
-28.357586,5.5467005,F,Espresso,3,694.3229421578131,374,1393
-38.31704,2.8397565,F,Espresso,3,702.5373966149457,173,1394
-42.719875,1.3201827,F,Espresso,3,704.6769317176544,47,1395
-24.052204,6.544622,F,Espresso,3,696.3823693116319,465,1396
-37.88584,3.0309806,F,Espresso,3,702.8012138896945,184,1397
-43.358505,1.2790238,F,Espresso,3,706.2157188985605,12,1398
-42.28256,2.016755,F,Espresso,3,696.3038966395636,70,1399
-6.216657,0.40212357,G,Latte,2,762.614661142961,304,1400
-3.8681526,1.59619,G,Latte,2,448.2225173441772,108,1401
-7.1274204,-2.4200916,G,Latte,2,1137.8150752316506,183,1402
-5.9696736,0.021246012,G,Latte,2,784.5818829234541,250,1403
-8.430639,-3.0598938,G,Latte,2,1776.394187946238,446,1404
-4.171487,2.0112877,G,Latte,2,426.66248004864985,216,1405
-7.853398,-3.013536,G,Latte,2,1424.7046232286755,192,1406
-4.3746524,2.0080385,G,Latte,2,452.8040039046547,249,1407
-8.191195,-1.9634552,G,Latte,2,1208.8021587101173,437,1408
-5.5003633,2.262505,G,Latte,2,550.549417113171,462,1409
-3.611737,2.811019,G,Latte,2,140.11678444983374,175,1410
-3.9617498,2.5809417,G,Latte,2,286.26816273070585,239,1411
-5.813182,-1.9609714,G,Latte,2,966.6813398010345,48,1412
-6.663859,0.025234733,G,Latte,2,826.8742043765747,329,1413
-4.456178,2.5326588,G,Latte,2,384.60601379161903,328,1414
-6.77124,-2.3408144,G,Latte,2,1088.9266994639097,147,1415
-4.7487254,2.213286,G,Latte,2,469.3159034410552,325,1416
-3.792997,0.75545734,G,Latte,2,545.0241362934062,13,1417
-6.233205,-2.4913518,G,Latte,2,1065.6376876701015,22,1418
-7.615474,-1.4017447,G,Latte,2,1036.7402075440036,349,1419
-8.07691,-2.966006,G,Latte,2,1471.9229119783595,277,1420
-7.8007526,-0.53765434,G,Latte,2,938.0211819042314,464,1421
-4.16238,0.22336255,G,Latte,2,641.5163079794061,35,1422
-7.0104513,-2.2941628,G,Latte,2,1104.2314793839137,184,1423
-7.3383546,-2.7362075,G,Latte,2,1234.080061459867,163,1424
-5.003885,-1.283161,G,Latte,2,842.2816656774311,19,1425
-4.6677146,-0.6414504,G,Latte,2,762.8814991198481,37,1426
-4.2676606,-0.21874039,G,Latte,2,693.0585087895008,1,1427
-5.1384306,-1.3352435,G,Latte,2,854.1749619825089,35,1428
-5.8900537,-0.6401318,G,Latte,2,843.5716150344996,194,1429
-5.950704,0.5699357,G,Latte,2,733.2374492256805,290,1430
-5.360665,2.2383265,G,Latte,2,538.2454053224385,430,1431
-8.168413,-1.350473,G,Latte,2,1088.5563068614815,479,1432
-4.8387504,2.3615918,G,Latte,2,461.77308315604756,358,1433
-7.5343504,-0.65187496,G,Latte,2,941.0966931584869,398,1434
-3.7640882,2.5942855,G,Latte,2,243.2486687149028,188,1435
-7.2806334,-3.0967069,G,Latte,2,1317.5351996775717,45,1436
-6.0475163,-2.1230676,G,Latte,2,1001.6181557281302,61,1437
-4.4774575,1.044837,G,Latte,2,585.2249447724402,162,1438
-6.3966775,-0.8679478,G,Latte,2,900.8480138828123,234,1439
-6.3108325,0.4998779,G,Latte,2,759.0657609937485,322,1440
-4.5246644,2.9269142,G,Latte,2,314.64982833250343,450,1441
-8.002017,-1.526232,G,Latte,2,1094.3942383996343,415,1442
-7.661868,-2.2010708,G,Latte,2,1170.7135217896518,290,1443
-8.083069,-1.2473319,G,Latte,2,1061.875756031236,462,1444
-4.37644,0.6979938,G,Latte,2,611.0284235844763,120,1445
-6.975073,-1.9203242,G,Latte,2,1048.8424525795244,221,1446
-5.6329503,0.25429815,G,Latte,2,741.8521583681589,231,1447
-4.031438,2.3954887,G,Latte,2,337.7620872707399,233,1448
-5.274607,-0.20061098,G,Latte,2,760.244996137431,158,1449
-4.999127,-1.008289,G,Latte,2,817.9797890798985,53,1450
-6.5760083,-0.56746227,G,Latte,2,883.2130813874575,275,1451
-5.1180058,1.9275489,G,Latte,2,543.598116508575,337,1452
-6.085203,-1.1094065,G,Latte,2,900.5111375787403,183,1453
-3.2724195,2.9141662,G,Latte,2,-105.85364674624759,10,1454
-7.5838895,0.005183692,G,Latte,2,855.1548634261085,484,1455
-4.5653634,0.9001615,G,Latte,2,605.3258356182504,160,1456
-7.0296535,-0.09525653,G,Latte,2,856.7277481517156,370,1457
-8.140822,-1.0749972,G,Latte,2,1042.136778991193,500,1458
-3.812815,1.1074293,G,Latte,2,507.9361400886594,53,1459
-5.9975343,-0.85845625,G,Latte,2,870.9745252628592,191,1460
-7.6227837,-2.4192996,G,Latte,2,1210.9126333909342,260,1461
-7.740183,-0.4082323,G,Latte,2,917.7247901536301,466,1462
-4.1168766,0.12178381,G,Latte,2,647.3109122877504,12,1463
-4.1232705,2.860372,G,Latte,2,249.99765064807013,338,1464
-5.992165,-0.0364128,G,Latte,2,791.5748403221061,248,1465
-4.98788,0.8375934,G,Latte,2,642.7734806196222,204,1466
-5.1418643,-1.2333027,G,Latte,2,845.7064616101165,49,1467
-4.270299,0.60541314,G,Latte,2,612.1429903335301,96,1468
-5.8361034,-0.2803978,G,Latte,2,804.6136944116317,214,1469
-5.868477,0.85332394,G,Latte,2,701.6315850461247,306,1470
-6.3566246,-0.34765652,G,Latte,2,846.5572051576937,264,1471
-4.203156,1.2112947,G,Latte,2,542.4650178875943,139,1472
-6.8708315,-2.5842462,G,Latte,2,1137.6763313121032,121,1473
-4.7245455,2.6972136,G,Latte,2,396.2387229580355,411,1474
-4.3510356,1.2300614,G,Latte,2,554.2226420835507,162,1475
-7.970443,-1.6367844,G,Latte,2,1108.2264606016322,399,1476
-5.3089805,1.5041335,G,Latte,2,600.8838869060863,307,1477
-6.482425,-2.2756984,G,Latte,2,1055.2693886503916,112,1478
-4.7247896,-0.5547747,G,Latte,2,758.788463480181,56,1479
-6.921019,0.5312635,G,Latte,2,780.3357179656986,417,1480
-8.071867,-2.7688792,G,Latte,2,1394.5075419200089,316,1481
-8.094057,-2.1279628,G,Latte,2,1226.824440829982,394,1482
-6.8549533,-2.208864,G,Latte,2,1077.8646206724777,175,1483
-5.6425304,-1.9741272,G,Latte,2,956.6731043744029,13,1484
-4.076961,0.9887898,G,Latte,2,555.0788041696875,101,1485
-5.2443676,-0.9346493,G,Latte,2,826.5972772884312,94,1486
-6.009349,-0.7217575,G,Latte,2,859.1947122216786,201,1487
-5.6544466,-1.0132878,G,Latte,2,860.9908830707225,140,1488
-5.8630633,0.71333236,G,Latte,2,714.5950892982249,293,1489
-6.1933,0.43574405,G,Latte,2,758.1661172957001,304,1490
-5.8997154,1.2757876,G,Latte,2,664.9432205445765,359,1491
-3.5185266,3.0504317,G,Latte,2,-49.755871232862546,303,1492
-7.4211073,0.36642125,G,Latte,2,805.0672148727451,496,1493
-5.131506,1.0228486,G,Latte,2,634.838945152525,236,1494
-4.7341537,2.471718,G,Latte,2,433.7862722257524,361,1495
-6.717698,-2.8300688,G,Latte,2,1170.5365465845584,31,1496
-6.29441,1.0721123,G,Latte,2,703.9724057166829,386,1497
-7.923438,-0.8362594,G,Latte,2,986.6621432130206,459,1498
-4.6462607,2.2035308,G,Latte,2,458.35006466576925,310,1499
-27.32387,30.83301,H,Mocha,1,790.7920957095922,109,1500
-24.847654,31.914785,H,Mocha,1,1046.0501647932042,343,1501
-29.44192,32.18786,H,Mocha,1,278.4964935935743,216,1502
-23.723806,31.071358,H,Mocha,1,1227.1558632100114,264,1503
-22.972687,30.075026,H,Mocha,1,1409.836750117406,28,1504
-23.692862,31.446413,H,Mocha,1,1224.0249216210766,326,1505
-28.84113,32.77844,H,Mocha,1,424.2352428530689,488,1506
-22.49997,30.85261,H,Mocha,1,1557.0691813023855,310,1507
-25.549747,31.387783,H,Mocha,1,976.9171912567584,252,1508
-26.725834,31.487635,H,Mocha,1,840.7108489632918,235,1509
-28.039999,31.194826,H,Mocha,1,682.354399154323,118,1510
-27.03459,30.467472,H,Mocha,1,834.8828375710823,54,1511
-29.68836,31.964529,H,Mocha,1,202.46075334684087,53,1512
-26.018526,30.17534,H,Mocha,1,947.6073624215899,74,1513
-26.720757,32.63459,H,Mocha,1,808.5600338639925,409,1514
-28.621336,32.5592,H,Mocha,1,502.2602501565951,387,1515
-23.883923,30.579973,H,Mocha,1,1211.5918848176007,182,1516
-29.913383,32.459984,H,Mocha,1,-63.95526684272318,372,1517
-26.32249,31.331957,H,Mocha,1,892.2958481062421,228,1518
-26.870958,32.492615,H,Mocha,1,794.843668316693,378,1519
-22.299196,30.832634,H,Mocha,1,1707.1631855332955,340,1520
-25.627375,30.352444,H,Mocha,1,986.5267526274004,119,1521
-24.077293,30.179792,H,Mocha,1,1186.1525261764978,104,1522
-24.072052,30.126425,H,Mocha,1,1187.2742902831737,92,1523
-27.169456,30.920351,H,Mocha,1,804.9219501241437,134,1524
-25.34662,32.361988,H,Mocha,1,976.8939056780923,391,1525
-25.890003,31.385725,H,Mocha,1,940.7425181047947,244,1526
-22.580833,30.899347,H,Mocha,1,1519.608060598075,313,1527
-23.467136,30.339611,H,Mocha,1,1295.467667743201,135,1528
-29.217693,32.149986,H,Mocha,1,359.42169404321146,228,1529
-25.680399,31.101202,H,Mocha,1,969.3366657481633,217,1530
-25.065634,32.633457,H,Mocha,1,997.5812791634,456,1531
-27.887331,31.062351,H,Mocha,1,711.2561622266145,104,1532
-27.543821,31.422497,H,Mocha,1,740.988071617816,195,1533
-25.172945,31.08155,H,Mocha,1,1024.827839117987,226,1534
-25.468023,32.50934,H,Mocha,1,959.9726680253564,412,1535
-28.027922,32.684483,H,Mocha,1,617.2571463759214,428,1536
-26.417969,31.261366,H,Mocha,1,882.9184821106866,218,1537
-25.867733,30.404743,H,Mocha,1,960.6475309442521,119,1538
-26.314306,30.632519,H,Mocha,1,910.1706810446539,133,1539
-22.266094,30.812277,H,Mocha,1,1750.5742355892835,331,1540
-24.886402,30.420408,H,Mocha,1,1073.1906730910925,143,1541
-22.73341,30.135077,H,Mocha,1,1488.1283088145942,17,1542
-25.30739,29.978136,H,Mocha,1,1030.172703414519,59,1543
-23.728851,32.029858,H,Mocha,1,1207.3371797944585,441,1544
-22.762201,30.139418,H,Mocha,1,1479.144574430698,26,1545
-27.483381,32.3393,H,Mocha,1,715.8373537443031,339,1546
-23.626595,31.066814,H,Mocha,1,1245.8978766563362,267,1547
-26.392828,30.266623,H,Mocha,1,908.5528844418824,68,1548
-24.6029,32.633984,H,Mocha,1,1051.0910649286543,495,1549
-24.647402,31.694614,H,Mocha,1,1075.3530320513612,321,1550
-28.977922,31.463453,H,Mocha,1,487.3131952265758,49,1551
-26.422934,32.743046,H,Mocha,1,839.4347079558864,438,1552
-24.884674,30.739529,H,Mocha,1,1066.5845779024562,188,1553
-28.311054,31.578243,H,Mocha,1,617.8297407683297,174,1554
-26.027182,31.39454,H,Mocha,1,924.9262581722147,242,1555
-24.875364,30.07441,H,Mocha,1,1079.843612028732,84,1556
-25.45027,31.807602,H,Mocha,1,979.3941277354129,308,1557
-29.552023,32.248295,H,Mocha,1,224.37662026844157,226,1558
-28.527628,31.08026,H,Mocha,1,612.2720039481788,15,1559
-24.863302,29.89944,H,Mocha,1,1082.2474478098154,46,1560
-26.401094,32.79839,H,Mocha,1,840.8572000625078,453,1561
-23.95441,32.16953,H,Mocha,1,1161.861665163203,446,1562
-25.649826,31.031551,H,Mocha,1,973.8611103618402,210,1563
-29.17161,32.115566,H,Mocha,1,376.97024644359954,223,1564
-25.602766,31.130709,H,Mocha,1,976.6643566939132,222,1565
-23.259695,29.963129,H,Mocha,1,1334.878073758122,8,1566
-25.3297,32.56457,H,Mocha,1,972.7356148820243,428,1567
-25.233524,30.947958,H,Mocha,1,1020.6476991814388,209,1568
-24.049683,30.974255,H,Mocha,1,1175.1867808464133,240,1569
-26.017302,32.232616,H,Mocha,1,904.0700282965722,351,1570
-25.713398,30.622822,H,Mocha,1,973.9769131497637,156,1571
-28.551691,31.256084,H,Mocha,1,595.3247175065605,68,1572
-25.00434,32.042316,H,Mocha,1,1023.9509138332587,355,1573
-29.998861,32.349285,H,Mocha,1,-136.2183892480232,187,1574
-26.61859,30.476856,H,Mocha,1,880.4139243911105,90,1575
-29.296467,32.503857,H,Mocha,1,296.1228962985782,357,1576
-26.004602,30.253227,H,Mocha,1,948.4587607399587,89,1577
-28.41789,32.099785,H,Mocha,1,571.0273690980548,273,1578
-22.91426,30.28036,H,Mocha,1,1426.7835346746815,107,1579
-24.282568,32.18379,H,Mocha,1,1110.3910233670467,418,1580
-26.617441,31.563402,H,Mocha,1,851.3184182328531,247,1581
-23.245049,31.860214,H,Mocha,1,1319.9937170285532,478,1582
-27.067495,32.36916,H,Mocha,1,772.8877582655722,352,1583
-28.690098,32.66235,H,Mocha,1,477.011523121676,427,1584
-28.557604,31.168703,H,Mocha,1,600.0754371334165,39,1585
-24.506453,29.907463,H,Mocha,1,1124.9266482493033,44,1586
-24.947117,30.384033,H,Mocha,1,1066.9053791432743,137,1587
-24.38564,32.482826,H,Mocha,1,1085.3772289443275,476,1588
-24.50752,30.478651,H,Mocha,1,1118.6090523888158,156,1589
-24.229702,30.835438,H,Mocha,1,1151.4500931364867,216,1590
-29.173452,31.933395,H,Mocha,1,392.24191735375814,170,1591
-23.518532,31.967207,H,Mocha,1,1252.9332249293636,456,1592
-27.366434,32.719315,H,Mocha,1,719.1638668667679,432,1593
-26.513525,32.451664,H,Mocha,1,838.4695891206534,377,1594
-28.432623,32.43055,H,Mocha,1,550.8281293041737,349,1595
-22.338367,30.343313,H,Mocha,1,1739.888715666606,10,1596
-27.053005,31.512604,H,Mocha,1,801.1897197016013,228,1597
-28.446102,31.54153,H,Mocha,1,596.8031109925305,155,1598
-29.561806,31.822197,H,Mocha,1,273.46010681436303,34,1599
